"Name","AppID"
"15 Bands Graphic EQ","{7C5A40EF-A0FB-4BFC-874A-C0F2E0B9FA8E}\VB\Voicemeeter\VoicemeeterBUSGEQ15.exe"
"8x8 Output Matrix","{7C5A40EF-A0FB-4BFC-874A-C0F2E0B9FA8E}\VB\Voicemeeter\VoicemeeterBUSMatrix8.exe"
"Access","Microsoft.Office.MSACCESS.EXE.15"
"Acer documents","C:\ProgramData\Microsoft\Windows\Start Menu\Programs\Acer\Acer Regulatory Information and Safety Guide.pdf"
"Acer Jumpstart","Hermes.Client.Jumpstart"
"Acer Legal Information","https://www.acer.com/legal"
"Acer Product Registration","AcerIncorporated.AcerRegistration_48frkmn4z8aw4!Acer.AcerRegistration"
"Acer Purified Voice Console (R)","AcerIncorporated.AcerPurifiedVoiceConsoleR_48frkmn4z8aw4!App"
"Add Design Tools or Devices 2024.1","C:\Xilinx\.xinstall\Vivado_2024.1\xsetup.exe"
"AirDroid Cast","{7C5A40EF-A0FB-4BFC-874A-C0F2E0B9FA8E}\AirDroidCast\Launcher.exe"
"AirPlay","53887HaoCai.AirPlay-ScreenMirroring_qrw73ppzkf79y!App"
"Alexa","57540AMZNMobileLLC.AmazonAlexa_22t9g3sebte08!App"
"Amazon Appstore","com.amazon.venezia"
"Amethyst-Launcher","com.frederoxdev.amethystlauncher"
"Among Us","Innersloth.AmongUs_fw5x688tam7rm!Game"
"Anaconda Navigator (anaconda)","Microsoft.AutoGenerated.{3DA69CB9-E2F8-5FA5-3217-C54662DD10CF}"
"Anaconda Powershell Prompt (anaconda)","Microsoft.AutoGenerated.{A0E87800-C668-15F6-48E8-696AB578CC15}"
"Anaconda Prompt (anaconda)","Microsoft.AutoGenerated.{98C50D38-1E20-252E-AA28-7D9B9339B4EA}"
"App Recovery","Microsoft.AutoGenerated.{9BA47617-30A2-1128-71F7-8C06BD0B5FBE}"
"AppData - Shortcut","C:\Users\chave\AppData"
"Arduino IDE","cc.arduino.IDE2"
"ARK: Survival Ascended","StudioWildcard.ARKSurvivalAscended_1w2mm55455e38!AppARKSurvivalAscendedShipping"
"ARK: Survival Evolved","StudioWildcard.4558480580BB9_1w2mm55455e38!AppARKSurvivalEvolved"
"Audio Repeater (KS)","{6D809377-6AF0-444B-8957-A3773F02200E}\Virtual Audio Cable\audiorepeater_ks.exe"
"Audio Repeater (MME)","{6D809377-6AF0-444B-8957-A3773F02200E}\Virtual Audio Cable\audiorepeater.exe"
"AutoHotkey Dash","AutoHotkey.AutoHotkey"
"AutoHotkey Window Spy","AutoHotkey.WindowSpy"
"AutoIt Help File","{7C5A40EF-A0FB-4BFC-874A-C0F2E0B9FA8E}\AutoIt3\AutoIt.chm"
"AutoIt v3 Website","{7C5A40EF-A0FB-4BFC-874A-C0F2E0B9FA8E}\AutoIt3\AutoIt v3 Website.url"
"AutoIt Window Info (x64)","{7C5A40EF-A0FB-4BFC-874A-C0F2E0B9FA8E}\AutoIt3\Au3Info_x64.exe"
"AutoIt Window Info (x86)","{7C5A40EF-A0FB-4BFC-874A-C0F2E0B9FA8E}\AutoIt3\Au3Info.exe"
"AutoItX Help File","{7C5A40EF-A0FB-4BFC-874A-C0F2E0B9FA8E}\AutoIt3\AutoItX\AutoItX.chm"
"Back 4 Blood","steam://rungameid/924970"
"BakkesMod","{6D809377-6AF0-444B-8957-A3773F02200E}\BakkesMod\BakkesMod.exe"
"balenaEtcher","io.balena.etcher"
"BitTorrent Web","C:\Users\chave\AppData\Roaming\BitTorrent Web\btweb.exe"
"Blackhawk Control Panel (64-bit)","{7C5A40EF-A0FB-4BFC-874A-C0F2E0B9FA8E}\Blackhawk\Emulation\Drivers\Bh560v2\v1.1.0.13\amd64\blackhwk.cpl"
"Blender 4.2","{6D809377-6AF0-444B-8957-A3773F02200E}\Blender Foundation\Blender 4.2\blender-launcher.exe"
"BlueStacks X","{7C5A40EF-A0FB-4BFC-874A-C0F2E0B9FA8E}\BlueStacks X\BlueStacks X.exe"
"Browse Extras","{7C5A40EF-A0FB-4BFC-874A-C0F2E0B9FA8E}\AutoIt3\Extras"
"BullX","Chrome._crx_hihebbchlogdngb.UserData.Profile1"
"Calculator","Microsoft.WindowsCalculator_8wekyb3d8bbwe!App"
"Calendar","microsoft.windowscommunicationsapps_8wekyb3d8bbwe!microsoft.windowslive.calendar"
"Call of Duty?","38985CA0.COREBase_5bkah9njm3e9g!codShip"
"Camera","Microsoft.WindowsCamera_8wekyb3d8bbwe!App"
"Canon Inkjet Print Utility","34791E63.CanonInkjetPrintUtility_6e5tt8cgb93ep!App"
"Care Center","AcerIncorporated.AcerCareCenterS_48frkmn4z8aw4!AcerCareCenter.LightMode"
"Character Map","{1AC14E77-02E7-4E5D-B744-2EB1AE5198B7}\charmap.exe"
"ChatGPT","OpenAI.ChatGPT-Desktop_2p2nqsd0c76g0!ChatGPT"
"Check For SQLite Updates","Microsoft.AutoGenerated.{F1118828-A0CC-5FEB-85C9-DBFFDF98434A}"
"Check For Updates","Microsoft.AutoGenerated.{116229A7-9A3B-2078-DB5F-B5A20811242C}"
"Check for updates","Microsoft.AutoGenerated.{527135AC-A433-B5F2-5FBF-C9CF7CBB9F7D}"
"Cinebench","MAXONComputerGmbH.Cinebench_rsne5bsk8s7tj!Cinebench"
"Cities: Skylines II - PC Edition","ParadoxInteractive.CitiesSkylinesII-PCEdition_zfnrdv2de78ny!Cities2"
"Clock","Microsoft.WindowsAlarms_8wekyb3d8bbwe!App"
"Code Composer Studio for MSP432 User's Guide","http://www.ti.com/lit/pdf/slau575"
"Command Prompt","{1AC14E77-02E7-4E5D-B744-2EB1AE5198B7}\cmd.exe"
"Compile Script to .exe (x64)","{7C5A40EF-A0FB-4BFC-874A-C0F2E0B9FA8E}\AutoIt3\Aut2Exe\Aut2exe_x64.exe"
"Compile Script to .exe (x86)","{7C5A40EF-A0FB-4BFC-874A-C0F2E0B9FA8E}\AutoIt3\Aut2Exe\Aut2exe.exe"
"Component Services","{1AC14E77-02E7-4E5D-B744-2EB1AE5198B7}\comexp.msc"
"Computer Management","Microsoft.AutoGenerated.{8ABD94FB-E7D6-84A6-A997-C918EDDE0AE5}"
"Control Panel","Microsoft.Windows.ControlPanel"
"Copilot","Microsoft.Copilot_8wekyb3d8bbwe!App"
"CreateService","{7C5A40EF-A0FB-4BFC-874A-C0F2E0B9FA8E}\Razer\Razer Services\Razer Central\CreateService.bat"
"CreateService","{7C5A40EF-A0FB-4BFC-874A-C0F2E0B9FA8E}\Razer\Razer Services\GMS\CreateService.bat"
"Crosshair X","47492CenterpointGaming.ProSight_rz8d8f65gztyc!CrosshairX"
"Crosshair Zoom","62269AlexShats.CrosshairZoom_gghb1w55myjr2!App"
"CurseForge","overwolf.cchhcaiapeikjbdbpfplgmpobbcdkdaphclbmkbj"
"Database Compare","Microsoft.Office.DATABASECOMPARE.EXE.15"
"Debian","TheDebianProject.DebianGNULinux_76v4gfsz19hv4!debian"
"Debugging Help","{7C5A40EF-A0FB-4BFC-874A-C0F2E0B9FA8E}\Windows Kits\10\Debuggers\x86\debugger.chm"
"Debugging Help","{6D809377-6AF0-444B-8957-A3773F02200E}\Windows Kits\10\Debuggers\x64\debugger.chm"
"Defragment and Optimize Drives","{1AC14E77-02E7-4E5D-B744-2EB1AE5198B7}\dfrgui.exe"
"Descenders","NoMoreRobots.GamePreviewDescenders_671zbmwb2bw9p!App"
"Dev Home","Microsoft.Windows.DevHome_8wekyb3d8bbwe!App"
"Discord","com.squirrel.Discord.Discord"
"Discord PTB","com.squirrel.DiscordPtb.DiscordPtb"
"Disk Cleanup","{1AC14E77-02E7-4E5D-B744-2EB1AE5198B7}\cleanmgr.exe"
"Disney+","Disney.37853FC22B2CE_6rarf9sa4v8jt!App"
"DocNav","Microsoft.AutoGenerated.{57FFD3F6-7DFC-B6AD-935B-DDA74BB8FD6A}"
"Dropbox promotion","C27EB4BA.DropboxOEM_xbfy0k16fey96!App"
"DTS Sound Unbound","DTSInc.DTSSoundUnbound_t5j2fzbtdg37r!App"
"DTS:X Ultra","DTSInc.DTSXUltra_t5j2fzbtdg37r!App"
"EA","{6D809377-6AF0-444B-8957-A3773F02200E}\Electronic Arts\EA Desktop\EA Desktop\EALauncher.exe"
"EA app Updater","{6D809377-6AF0-444B-8957-A3773F02200E}\Electronic Arts\EA Desktop\EA Desktop\EAUpdater.exe"
"EA Error Reporter","{6D809377-6AF0-444B-8957-A3773F02200E}\Electronic Arts\EA Desktop\EA Desktop\ErrorReporter.exe"
"EasyEDA Pro","C:\Users\chave\AppData\Local\Programs\easyeda-pro\easyeda-pro.exe"
"EasyEDA Pro on the Web","https://pro.easyeda.com/"
"Eclipse IDE for Java Developers - 2024-06","C:\Users\chave\eclipse\java-2024-06\eclipse\eclipse.exe"
"Epic Games Launcher","{7C5A40EF-A0FB-4BFC-874A-C0F2E0B9FA8E}\Epic Games\Launcher\Portal\Binaries\Win32\EpicGamesLauncher.exe"
"Event Viewer","Microsoft.AutoGenerated.{BB044BFD-25B7-2FAA-22A8-6371A93E0456}"
"Examples","{7C5A40EF-A0FB-4BFC-874A-C0F2E0B9FA8E}\AutoIt3\Examples"
"Excel","Microsoft.Office.EXCEL.EXE.15"
"ExpressVPN","ExpressVpn.ExpressVpnNotificationService"
"Feedback Hub","Microsoft.WindowsFeedbackHub_8wekyb3d8bbwe!App"
"File Explorer","Microsoft.Windows.Explorer"
"File Magic","{6D809377-6AF0-444B-8957-A3773F02200E}\File Magic\FileMagic.exe"
"Firefox","308046B0AF4A39CB"
"Firefox Private Browsing","308046B0AF4A39CB;PrivateBrowsingAUMID"
"FTP Manager Pro","DeskShare.FTPManagerPro_13ddgfpts17ng!App"
"Game Bar","Microsoft.XboxGamingOverlay_8wekyb3d8bbwe!App"
"Gamebar Browser","45012KrimmerStudios.WindowsGamebarBrowser_k6pcqv07xae1c!App"
"Get Help","Microsoft.GetHelp_8wekyb3d8bbwe!App"
"Get Started","MicrosoftWindows.Client.CBS_cw5n1h2txyewy!WebExperienceHost"
"Git Bash","Microsoft.AutoGenerated.{0FDD9C6B-656B-0F1F-AB08-B1CDBB7067B3}"
"Git CMD","Microsoft.AutoGenerated.{29591C0F-7C09-B655-C0EB-8544FCA7D1DE}"
"Git FAQs (Frequently Asked Questions)","https://github.com/git-for-windows/git/wiki/FAQ"
"Git GUI","{6D809377-6AF0-444B-8957-A3773F02200E}\Git\cmd\git-gui.exe"
"Git Release Notes","{6D809377-6AF0-444B-8957-A3773F02200E}\Git\ReleaseNotes.html"
"GitHub","Chrome._crx_mjoklffbmgbkkgg.UserData.Profile1"
"Global Flags (X64)","{6D809377-6AF0-444B-8957-A3773F02200E}\Windows Kits\10\Debuggers\x64\gflags.exe"
"Global Flags (X86)","{7C5A40EF-A0FB-4BFC-874A-C0F2E0B9FA8E}\Windows Kits\10\Debuggers\x86\gflags.exe"
"Golf With Your Friends","Team17DigitalLimited.GolfWithYourFriendsWin10_j5x4vj4y67jhc!App"
"Golf With Your Friends","steam://rungameid/431240"
"Google Chrome","Chrome"
"Google Password Manager","Chrome._crx_kajebhanjmmbcfd.UserData.Profile1"
"GoPro Webcam","{7C5A40EF-A0FB-4BFC-874A-C0F2E0B9FA8E}\GoPro\GoPro Webcam\GoPro Webcam.exe"
"GoveeDesktop","{6D809377-6AF0-444B-8957-A3773F02200E}\GoveeDesktop\GoveeDesktop.exe"
"Grounded","Microsoft.Maine_8wekyb3d8bbwe!AppGroundedShipping"
"GTFO","steam://rungameid/493520"
"HELLDIVERS? 2","steam://rungameid/553850"
"Homepage","{6D809377-6AF0-444B-8957-A3773F02200E}\Virtual Audio Cable\homepage.url"
"Hyper-V Manager","Microsoft.AutoGenerated.{7DFC4B93-681D-7B96-03E1-AE81FB7E597A}"
"Hyper-V Quick Create","{6D809377-6AF0-444B-8957-A3773F02200E}\Hyper-V\VMCreate.exe"
"IDLE (Python 3.10)","PythonSoftwareFoundation.Python.3.10_qbz5n2kfra8p0!Idle"
"IDLE (Python 3.11)","PythonSoftwareFoundation.Python.3.11_qbz5n2kfra8p0!Idle"
"IDLE (Python 3.12 64-bit)","Microsoft.AutoGenerated.{FF6063AE-E0F7-D2C2-5171-993A8EA71A8D}"
"IDLE (Python 3.9 64-bit)","Microsoft.AutoGenerated.{6F93D0DC-E22B-2075-7780-C12D379CDAE7}"
"IJ Network Scanner Selector EX","{7C5A40EF-A0FB-4BFC-874A-C0F2E0B9FA8E}\Canon\IJ Network Scanner Selector EX\CNMNSST.exe"
"IJ Network Tool","{7C5A40EF-A0FB-4BFC-874A-C0F2E0B9FA8E}\Canon\Canon IJ Network Tool\CNMNPUT.EXE"
"IJ Scan Utility","{7C5A40EF-A0FB-4BFC-874A-C0F2E0B9FA8E}\Canon\IJ Scan Utility\SCANUTILITY.exe"
"Instagram","www.instagram.com-3D2AAE46_ysfa6mcnwr1rw!App"
"Instagram","Facebook.InstagramBeta_8xx8rvfyw5nnt!App"
"Install Additional Tools for Node.js","Microsoft.AutoGenerated.{04770C2D-34E6-BE94-EFAD-FA817237D6E9}"
"Intel? Graphics Command Center","AppUp.IntelGraphicsExperience_8j3eq9eme6ctt!App"
"Intel? Rapid Storage Technology Application","AppUp.IntelOptaneMemoryandStorageManagement_8j3eq9eme6ctt!App"
"Intel? Unison?","AppUp.IntelTechnologyMDE_8j3eq9eme6ctt!App"
"iSCSI Initiator","{1AC14E77-02E7-4E5D-B744-2EB1AE5198B7}\iscsicpl.exe"
"Isonzo","steam://rungameid/1556790"
"iTunes","AppleInc.iTunes_nzyj5cx40ttqa!iTunes"
"Jupyter Notebook (anaconda)","Microsoft.AutoGenerated.{F04DF204-6B2B-6D0B-0C8C-D1B069F82150}"
"Killer Intelligence Center","RivetNetworks.KillerControlCenter_rh07ty8m5nkag!RivetNetworks.KillerControlCenter"
"Killing Floor 2","steam://rungameid/232090"
"LAN560 Configuration Utility","{7C5A40EF-A0FB-4BFC-874A-C0F2E0B9FA8E}\Blackhawk\Emulation\Drivers\LAN\v2.0.0.6\bhethcfg.exe"
"Lethal Company","steam://rungameid/1966720"
"License (English)","{6D809377-6AF0-444B-8957-A3773F02200E}\Oracle\VirtualBox\License_en_US.rtf"
"License Agreement","{6D809377-6AF0-444B-8957-A3773F02200E}\Virtual Audio Cable\license.txt"
"LittleBigMouse","{6D809377-6AF0-444B-8957-A3773F02200E}\LittleBigMouse\LittleBigMouse.Ui.Avalonia.exe"
"Live captions","{1AC14E77-02E7-4E5D-B744-2EB1AE5198B7}\LiveCaptions.exe"
"Local Security Policy","Microsoft.AutoGenerated.{BD3F924E-55FB-A1BA-9DE6-B50F9F2460AC}"
"LockDown Browser","{7C5A40EF-A0FB-4BFC-874A-C0F2E0B9FA8E}\Respondus\LockDown Browser\LockDownBrowser.exe"
"LTspice","C:\Users\chave\AppData\Local\Programs\ADI\LTspice\LTspice.exe"
"LVGL Project Creator","io.lvgl.project-creator"
"Macro Buttons","{7C5A40EF-A0FB-4BFC-874A-C0F2E0B9FA8E}\VB\Voicemeeter\VoicemeeterMacroButtons.exe"
"Macro Deck","{6D809377-6AF0-444B-8957-A3773F02200E}\Macro Deck\Macro Deck 2.exe"
"Magnifier","{1AC14E77-02E7-4E5D-B744-2EB1AE5198B7}\magnify.exe"
"Mail","microsoft.windowscommunicationsapps_8wekyb3d8bbwe!microsoft.windowslive.mail"
"Manage Licenses 2024.1","Microsoft.AutoGenerated.{57F770DD-7512-A782-F362-5BD9DA15951B}"
"Maps","Microsoft.WindowsMaps_8wekyb3d8bbwe!App"
"MCC Tool Chest","{7C5A40EF-A0FB-4BFC-874A-C0F2E0B9FA8E}\MCCToolChest\MCCToolChest.exe"
"Media Player","Microsoft.ZuneMusic_8wekyb3d8bbwe!Microsoft.ZuneMusic"
"Microsoft 365 Copilot","Microsoft.MicrosoftOfficeHub_8wekyb3d8bbwe!Microsoft.MicrosoftOfficeHub"
"Microsoft Clipchamp","Clipchamp.Clipchamp_yxz26nhyzhsrt!App"
"Microsoft Edge","MSEdge"
"Microsoft Store","Microsoft.WindowsStore_8wekyb3d8bbwe!App"
"Microsoft Teams","com.squirrel.Teams.Teams"
"Microsoft Teams","MSTeams_8wekyb3d8bbwe!MSTeams"
"Microsoft To Do","Microsoft.Todos_8wekyb3d8bbwe!App"
"Minecraft","Microsoft.MinecraftUWP_8wekyb3d8bbwe!App"
"Minecraft Launcher","Microsoft.4297127D64EC6_8wekyb3d8bbwe!Minecraft"
"Modrinth App","com.modrinth.theseus"
"Modrinth App","ModrinthApp"
"Movies & TV","Microsoft.ZuneVideo_8wekyb3d8bbwe!Microsoft.ZuneVideo"
"MSP432 Tools Hardware User?s Guide","http://www.ti.com/lit/pdf/slau571"
"NanaZip","40174MouriNaruto.NanaZip_gnj4mf6z9tkrc!NanaZip.Modern"
"Narrator","{1AC14E77-02E7-4E5D-B744-2EB1AE5198B7}\narrator.exe"
"News","Microsoft.BingNews_8wekyb3d8bbwe!AppexNews"
"No Man's Sky","HelloGames.NoMansSky_bs190hzg1sesy!NoMansSky"
"Node.js","{6D809377-6AF0-444B-8957-A3773F02200E}\nodejs\node.exe"
"Node.js command prompt","Microsoft.AutoGenerated.{499EE7CA-7ED5-EBC9-AB09-80DC143D7B90}"
"Node.js documentation","https://nodejs.org/download/release/v14.15.4/docs/api/"
"Node.js website","https://nodejs.org/"
"Norton Security Ultra","NortonLifeLock.Norton Security"
"Notepad","Microsoft.WindowsNotepad_8wekyb3d8bbwe!App"
"NVIDIA","com.nvidia.nvapp"
"NVIDIA Control Panel","NVIDIACorp.NVIDIAControlPanel_56jybvy8sckqj!NVIDIACorp.NVIDIAControlPanel"
"OBS Studio (64bit)","{6D809377-6AF0-444B-8957-A3773F02200E}\obs-studio\bin\64bit\obs64.exe"
"ODBC Data Sources (32-bit)","{D65231B0-B2F1-4857-A4CE-A8E7C6EA7D27}\odbcad32.exe"
"ODBC Data Sources (64-bit)","{1AC14E77-02E7-4E5D-B744-2EB1AE5198B7}\odbcad32.exe"
"Office Language Preferences","Microsoft.Office.SETLANG.EXE.15"
"One Game Launcher","62269AlexShats.OneGameLauncher_gghb1w55myjr2!App"
"One Game Launcher (Lite)","62269AlexShats.OneGameLauncherBeta_gghb1w55myjr2!App"
"One Page Browser","62269AlexShats.DiscordforGameBar_gghb1w55myjr2!App"
"OneDrive","Microsoft.SkyDrive.Desktop"
"OneNote","Microsoft.Office.ONENOTE.EXE.15"
"On-Screen Keyboard","{1AC14E77-02E7-4E5D-B744-2EB1AE5198B7}\osk.exe"
"Oracle VirtualBox","{6D809377-6AF0-444B-8957-A3773F02200E}\Oracle\VirtualBox\VirtualBox.exe"
"Outlook (classic)","Microsoft.Office.OUTLOOK.EXE.15"
"Outlook (new)","Microsoft.OutlookForWindows_8wekyb3d8bbwe!Microsoft.OutlookforWindows"
"Overcooked! 2","Team17DigitalLimited.Overcooked2Win10_j5x4vj4y67jhc!App"
"Overwatch? 2","steam://rungameid/2357570"
"Overwolf","Overwolf.Client"
"Paint","Microsoft.Paint_8wekyb3d8bbwe!App"
"PairVPN","{7C5A40EF-A0FB-4BFC-874A-C0F2E0B9FA8E}\PairVPN\PairVPN.exe"
"Pal","PocketpairInc.Palworld_ad4psfrxyesvt!AppPalShipping"
"PAYDAY 2","steam://rungameid/218620"
"PC Health Check","C:\Users\chave\AppData\Local\PCHealthCheck\PCHealthCheck.exe"
"PDM 2024.1","C:\Xilinx\PDM\2024.1\bin\pdm.bat"
"Performance Monitor","Microsoft.AutoGenerated.{8AA47365-B2B3-1961-69EB-F866E376B12F}"
"Phone Link","Microsoft.YourPhone_8wekyb3d8bbwe!App"
"Photon","Chrome._crx_leoocfglakhjbnn.UserData.Profile1"
"Photos","Microsoft.Windows.Photos_8wekyb3d8bbwe!App"
"Planet9 Stub","tw.com.ulic.planet9launch"
"Power Automate","Microsoft.PowerAutomateDesktop_8wekyb3d8bbwe!PAD.Console"
"PowerDirector for acer","CyberLinkCorp.ac.PowerDirectorforacerDesktop_ypz87dpxkv292!PowerDirector"
"PowerPoint","Microsoft.Office.POWERPNT.EXE.15"
"PowerWash Simulator","39C668CD.PowerWashSimulator_r7bfsmp40f67j!Game"
"PredatorSense","AcerIncorporated.PredatorSenseV30_48frkmn4z8aw4!CentenialConvert"
"Prime Video for Windows","AmazonVideo.PrimeVideo_pwbj9vvecjh7j!App"
"Print Management","{1AC14E77-02E7-4E5D-B744-2EB1AE5198B7}\printmanagement.msc"
"Publisher","Microsoft.Office.MSPUB.EXE.15"
"PyCharm 2024.3.2","{6D809377-6AF0-444B-8957-A3773F02200E}\JetBrains\PyCharm 2024.3.2\bin\pycharm64.exe"
"PyCharm Community Edition 2024.2.1","{6D809377-6AF0-444B-8957-A3773F02200E}\JetBrains\PyCharm Community Edition 2024.2.1\bin\pycharm64.exe"
"Python 3.10","PythonSoftwareFoundation.Python.3.10_qbz5n2kfra8p0!Python"
"Python 3.11","PythonSoftwareFoundation.Python.3.11_qbz5n2kfra8p0!Python"
"Python 3.12 (64-bit)","C:\Users\chave\AppData\Local\Programs\Python\Python312\python.exe"
"Python 3.12 Manuals (64-bit)","C:\Users\chave\AppData\Local\Programs\Python\Python312\Doc\html\index.html"
"Python 3.12 Module Docs (64-bit)","Microsoft.AutoGenerated.{C51E5739-7C4C-8B8C-FD30-A12349306EC0}"
"Python 3.9 (64-bit)","C:\Users\chave\AppData\Local\Programs\Python\Python39\python.exe"
"Python 3.9 Module Docs (64-bit)","Microsoft.AutoGenerated.{6D8D706A-0740-72BD-9331-47E04844C75D}"
"Qt Creator 15.0.1 (Enterprise)","C:\Qt\Tools\QtCreator\bin\qtcreator.exe"
"Qt Design Studio","C:\Qt\Tools\QtDesignStudio\bin\qtdesignstudio.exe"
"Qt Maintenance Tool","Microsoft.AutoGenerated.{08925E98-E6A0-D341-F65A-F851EC55E36D}"
"Quick Access","AcerIncorporated.QuickAccess_48frkmn4z8aw4!QuickAccessCentennialApp"
"Quick Assist","MicrosoftCorporationII.QuickAssist_8wekyb3d8bbwe!App"
"Raspberry Pi Imager","{7C5A40EF-A0FB-4BFC-874A-C0F2E0B9FA8E}\Raspberry Pi Imager\rpi-imager.exe"
"Razer Chroma","Razer.Chroma.4"
"Razer Synapse","Razer.Synapse.4"
"Readme","{7C5A40EF-A0FB-4BFC-874A-C0F2E0B9FA8E}\VB\Voicemeeter\readme.txt"
"Readme","{6D809377-6AF0-444B-8957-A3773F02200E}\Virtual Audio Cable\readme.txt"
"RealFTP","36059XiaoyaStudio.RealFTP_ngh7ertwt50re!RFTP"
"Realtek Audio Console","RealtekSemiconductorCorp.RealtekAudioControl_dt26b99r8h8gj!App"
"Recovery Drive","{1AC14E77-02E7-4E5D-B744-2EB1AE5198B7}\RecoveryDrive.exe"
"Recycle Bin","::{645FF040-5081-101B-9F08-00AA002F954E}"
"Reference Documentation","http://docs.oracle.com/javase/22/index.html"
"Registry Editor","{F38BF404-1D43-42F2-9305-67DE0B28FC23}\regedit.exe"
"Release Notes","{7C5A40EF-A0FB-4BFC-874A-C0F2E0B9FA8E}\Blackhawk\Emulation\Drivers\Drivers-ReadMe.pdf"
"Remnant2","PerfectWorldEntertainment.GFREMP2_jrajkyc4tsa6w!AppRemnant2Shipping"
"Remote Desktop Connection","Microsoft.Windows.RemoteDesktop"
"Reset Spyder Settings (anaconda)","Microsoft.AutoGenerated.{4B0203D9-95C4-D14E-DD18-F0841C878AF4}"
"Resource Monitor","Microsoft.AutoGenerated.{C804BBA7-FA5F-CBF7-8B55-2096E5F972CB}"
"Riot Client","C:\Riot Games\Riot Client\RiotClientServices.exe"
"Roblox Player","C:\Users\chave\AppData\Local\Roblox\Versions\version-2d6639b3364b47cd\RobloxPlayerBeta.exe"
"Roblox Studio","C:\Users\chave\AppData\Local\Roblox\Versions\version-ea7c4a2d814e4dc6\RobloxStudioBeta.exe"
"Rocket League Tracker","overwolf.nonfnefnlcikmjkkdclbhpojenalpkcoipjjognm"
"rpiboot-CM4-CM5 - Mass Storage Gadget","{7C5A40EF-A0FB-4BFC-874A-C0F2E0B9FA8E}\Raspberry Pi\rpi-mass-storage-gadget64.bat"
"rpiboot-CM-CM2-CM3","{7C5A40EF-A0FB-4BFC-874A-C0F2E0B9FA8E}\Raspberry Pi\rpiboot.exe"
"Run","Microsoft.Windows.Shell.RunDialog"
"Run Script (x64)","{7C5A40EF-A0FB-4BFC-874A-C0F2E0B9FA8E}\AutoIt3\AutoIt3_x64.exe"
"Run Script (x86)","{7C5A40EF-A0FB-4BFC-874A-C0F2E0B9FA8E}\AutoIt3\AutoIt3.exe"
"Rust","steam://rungameid/252490"
"Rust - Staging Branch","steam://rungameid/700580"
"Rust Soundtrack","steam://rungameid/1701720"
"Satisfactory","steam://rungameid/526870"
"SceneBuilder","C:\Users\chave\AppData\Local\SceneBuilder\SceneBuilder.exe"
"SciTE Script Editor","{7C5A40EF-A0FB-4BFC-874A-C0F2E0B9FA8E}\AutoIt3\SciTE\SciTE.exe"
"Sea of Thieves","Microsoft.SeaofThieves_8wekyb3d8bbwe!AppAthenaShipping"
"SeaTools","Microsoft.AutoGenerated.{E2E83AA6-4C46-D0CC-F3CB-51A673E421EE}"
"Services","{1AC14E77-02E7-4E5D-B744-2EB1AE5198B7}\services.msc"
"Settings","windows.immersivecontrolpanel_cw5n1h2txyewy!microsoft.windows.immersivecontrolpanel"
"Skype for Business","Microsoft.Office.lync.exe.15"
"Skype for Business Recording Manager","Microsoft.Office.OcPubMgr.exe.15"
"Snapchat","SnapInc.Snapchat_k1zn018256b8e!App"
"Snipping Tool","Microsoft.ScreenSketch_8wekyb3d8bbwe!App"
"Sound Recorder","Microsoft.WindowsSoundRecorder_8wekyb3d8bbwe!App"
"Spotify","C:\Users\chave\AppData\Roaming\Spotify\Spotify.exe"
"Spreadsheet Compare","Microsoft.Office.SPREADSHEETCOMPARE.EXE.15"
"Spyder (anaconda)","Microsoft.AutoGenerated.{C68C8D19-703D-F64A-0429-4C67782B3EFC}"
"SquareLine Studio 1.5.0","{6D809377-6AF0-444B-8957-A3773F02200E}\SquareLine Studio 1.5.0\SquareLine_Studio.exe"
"StartService","{7C5A40EF-A0FB-4BFC-874A-C0F2E0B9FA8E}\Razer\Razer Services\GMS\StartService.bat"
"StartService","{7C5A40EF-A0FB-4BFC-874A-C0F2E0B9FA8E}\Razer\Razer Services\Razer Central\StartService.bat"
"Steam","{7C5A40EF-A0FB-4BFC-874A-C0F2E0B9FA8E}\Steam\steam.exe"
"Steam Support Center","http://support.steampowered.com/"
"SteelSeries GG","SteelSeries.Gg.Main"
"Stellaris","ParadoxInteractive.Stellaris-MicrosoftStoreEdition_zfnrdv2de78ny!App"
"Steps Recorder","{1AC14E77-02E7-4E5D-B744-2EB1AE5198B7}\psr.exe"
"Sticky Notes","Microsoft.MicrosoftStickyNotes_8wekyb3d8bbwe!App"
"Sticky Notes (new)","Microsoft.Office.OneNote.MemoryPreview"
"System Configuration","{1AC14E77-02E7-4E5D-B744-2EB1AE5198B7}\msconfig.exe"
"System Information","{1AC14E77-02E7-4E5D-B744-2EB1AE5198B7}\msinfo32.exe"
"Task Manager","Microsoft.AutoGenerated.{923DD477-5846-686B-A659-0FCCD73851A8}"
"Task Scheduler","Microsoft.AutoGenerated.{C1C6F8AC-40A3-0F5C-146F-65A9DC70BBB4}"
"Telegram","Telegram.TelegramDesktop"
"Telemetry Log for Office","Microsoft.Office.msoev.exe.15"
"Terminal","Microsoft.WindowsTerminal_8wekyb3d8bbwe!App"
"The Anacrusis","steam://rungameid/1120480"
"thinkorswim","C:\Users\chave\AppData\Local\thinkorswim\thinkorswim.exe"
"Thunderstore Mod Manager","overwolf.ahpflogoookodlegojjphcjpjaejgghjnfcdjdmi"
"TI Connect CE","{6D809377-6AF0-444B-8957-A3773F02200E}\TI Education\TI Connect CE\TI Connect CE.exe"
"TI-Nspire CX CAS Student Software","{6D809377-6AF0-444B-8957-A3773F02200E}\TI Education\TI-Nspire CX CAS Student Software\TI-Nspire CX CAS Student Software.exe"
"Toolkit","Toolkit"
"TranslucentTB","28017CharlesMilette.TranslucentTB_v826wp6bftszj!TranslucentTB"
"Ubisoft Connect","Ubisoft.UPC.MainProcess"
"Ultimate Chicken Horse","steam://rungameid/386940"
"Uninstall","{7C5A40EF-A0FB-4BFC-874A-C0F2E0B9FA8E}\AirDroidCast\uninst.exe"
"Uninstall","{6D809377-6AF0-444B-8957-A3773F02200E}\LittleBigMouse\Uninstall.exe"
"Uninstall 2024.1","Microsoft.AutoGenerated.{C7E5C441-4A8D-6776-D851-56D6FF740B61}"
"Uninstall DocNav","Microsoft.AutoGenerated.{EEB9A47F-5864-726A-9B34-DAF4768B42FE}"
"Uninstall EasyEDA Pro","C:\Users\chave\AppData\Local\Programs\easyeda-pro\unins000.exe"
"Uninstall LTspice 24.0.12.0","Microsoft.AutoGenerated.{EC61DA55-E60D-CB7A-8FE0-6B61CFBF3EC6}"
"Uninstall MCC Tool Chest","Microsoft.AutoGenerated.{A73BB359-C05B-4270-2D1F-55147A2CEB0C}"
"Uninstall Node.js","Microsoft.AutoGenerated.{54C0E058-6446-5599-1127-6DE8E853108C}"
"Uninstall PairVPN","{7C5A40EF-A0FB-4BFC-874A-C0F2E0B9FA8E}\PairVPN\unins000.exe"
"Uninstall Qt Design Studio","C:\Users\chave\OneDrive\Desktop\undefined"
"Uninstall rpiboot","{7C5A40EF-A0FB-4BFC-874A-C0F2E0B9FA8E}\Raspberry Pi\Uninstall.exe"
"Uninstall SeaTools","{7C5A40EF-A0FB-4BFC-874A-C0F2E0B9FA8E}\SeaTools5\uninstall.exe"
"Uninstall Xilinx Information Center","Microsoft.AutoGenerated.{3E8F3518-E36D-3C7D-B458-47FEDF41E48A}"
"Universal Minecraft Tool","{7C5A40EF-A0FB-4BFC-874A-C0F2E0B9FA8E}\Universal Minecraft Tool\UniversalMinecraftTool.exe"
"User Experience Improvement Program","AcerIncorporated.UserExperienceImprovementProgramV_48frkmn4z8aw4!App"
"User manual","{6D809377-6AF0-444B-8957-A3773F02200E}\Virtual Audio Cable\vac.chm"
"User manual (PDF, English)","{6D809377-6AF0-444B-8957-A3773F02200E}\Oracle\VirtualBox\doc\UserManual.pdf"
"VAC Control panel","{6D809377-6AF0-444B-8957-A3773F02200E}\Virtual Audio Cable\vcctlpan.exe"
"VALORANT","Microsoft.AutoGenerated.{B90C4CF3-5116-AEB7-2542-2440C94B666D}"
"VBAN-2-MIDI","{7C5A40EF-A0FB-4BFC-874A-C0F2E0B9FA8E}\VB\Voicemeeter\VBAN2MIDI.exe"
"Vensim PLE x64","{6D809377-6AF0-444B-8957-A3773F02200E}\Vensim\venPLE64.exe"
"Vensim PLE x64 Help","C:\Users\Public\Vensim\Vensim.chm"
"Vensim PLE x64 Sample Models","C:\Users\Public\Vensim\Help"
"Virtual IO Control Panel","{7C5A40EF-A0FB-4BFC-874A-C0F2E0B9FA8E}\VB\Voicemeeter\VBCABLE_ControlPanel.exe"
"Visual Studio Code","Microsoft.VisualStudioCode"
"Visual Studio Installer","Microsoft.VisualStudio.Installer"
"Vitis HLS 2024.1","C:\Xilinx\Vitis_HLS\2024.1\bin\vitis_hls.bat"
"Vitis HLS 2024.1 Command Prompt","C:\Xilinx\Vitis_HLS\2024.1\bin\vitis_hls_cmd.bat"
"Vivado 2024.1","Microsoft.AutoGenerated.{90BDC488-B019-7B2E-36DB-4083254EAB7B}"
"Vivado 2024.1 Tcl Shell","Microsoft.AutoGenerated.{EFC91679-F77B-1E4D-FC65-161CB8979E5A}"
"VM Streamer View","{7C5A40EF-A0FB-4BFC-874A-C0F2E0B9FA8E}\VB\Voicemeeter\VMStreamerView.exe"
"Voice access","{1AC14E77-02E7-4E5D-B744-2EB1AE5198B7}\voiceaccess.exe"
"Voicemeeter","{7C5A40EF-A0FB-4BFC-874A-C0F2E0B9FA8E}\VB\Voicemeeter\voicemeeter.exe"
"Wallpaper Engine","steam://rungameid/431960"
"Warhammer 40,000: Darktide","FatsharkAB.Warhammer40000DarktideNew_hwm6pnepa3ng2!launcher.launcher"
"Warhammer Vermintide 2","steam://rungameid/552500"
"Weather","Microsoft.BingWeather_8wekyb3d8bbwe!App"
"Webex","C:\Users\chave\AppData\Local\Programs\Cisco Spark\CiscoCollabHost.exe"
"WebStorm 2024.3.1","{6D809377-6AF0-444B-8957-A3773F02200E}\JetBrains\WebStorm 2024.3.1\bin\webstorm64.exe"
"Wii U USB Helper","C:\Users\chave\AppData\Roaming\USBHelperLauncher\USBHelperLauncher.exe"
"WinDbg (X64)","{6D809377-6AF0-444B-8957-A3773F02200E}\Windows Kits\10\Debuggers\x64\windbg.exe"
"WinDbg (X86)","{7C5A40EF-A0FB-4BFC-874A-C0F2E0B9FA8E}\Windows Kits\10\Debuggers\x86\windbg.exe"
"Windows Backup","MicrosoftWindows.Client.CBS_cw5n1h2txyewy!WindowsBackup"
"Windows Defender Firewall with Advanced Security","{1AC14E77-02E7-4E5D-B744-2EB1AE5198B7}\WF.msc"
"Windows Fax and Scan","{1AC14E77-02E7-4E5D-B744-2EB1AE5198B7}\WFS.exe"
"Windows Media Player Legacy","Microsoft.Windows.MediaPlayer32"
"Windows Memory Diagnostic","{1AC14E77-02E7-4E5D-B744-2EB1AE5198B7}\MdSched.exe"
"Windows PowerShell","{1AC14E77-02E7-4E5D-B744-2EB1AE5198B7}\WindowsPowerShell\v1.0\powershell.exe"
"Windows PowerShell (x86)","{D65231B0-B2F1-4857-A4CE-A8E7C6EA7D27}\WindowsPowerShell\v1.0\powershell.exe"
"Windows PowerShell ISE","{1AC14E77-02E7-4E5D-B744-2EB1AE5198B7}\WindowsPowerShell\v1.0\PowerShell_ISE.exe"
"Windows PowerShell ISE (x86)","{D65231B0-B2F1-4857-A4CE-A8E7C6EA7D27}\WindowsPowerShell\v1.0\PowerShell_ISE.exe"
"Windows Sandbox","Microsoft.Windows.Containers.Sandbox"
"Windows Security","Microsoft.SecHealthUI_8wekyb3d8bbwe!SecHealthUI"
"Windows Subsystem for Android?","MicrosoftCorporationII.WindowsSubsystemForAndroid_8wekyb3d8bbwe!SettingsApp"
"Windows Tools","Microsoft.Windows.AdministrativeTools"
"Windscribe","{6D809377-6AF0-444B-8957-A3773F02200E}\Windscribe\WindscribeLauncher.exe"
"WinSCP","C:\Users\chave\AppData\Local\Programs\WinSCP\WinSCP.exe"
"Wireshark","{6D809377-6AF0-444B-8957-A3773F02200E}\Wireshark\Wireshark.exe"
"WooTechy iMoveGo","{7C5A40EF-A0FB-4BFC-874A-C0F2E0B9FA8E}\WooTechy\WooTechy iMoveGo\iMoveGo.exe"
"wootility-lekker","com.electron.wootility-lekker"
"Word","Microsoft.Office.WINWORD.EXE.15"
"WSL","Microsoft.WSL"
"WSL Settings","{6D809377-6AF0-444B-8957-A3773F02200E}\WSL\wslsettings\wslsettings.exe"
"Xbox","Microsoft.GamingApp_8wekyb3d8bbwe!Microsoft.Xbox.App"
"Xbox Accessories","Microsoft.XboxDevices_8wekyb3d8bbwe!App"
"Xilinx Information Center","C:\Xilinx\xic\xic.exe"
"Zoom","zoom.us.Zoom Video Meetings"
