"Name","PackageFullName","Publisher","InstallLocation","LaunchCommand"
"Microsoft.NET.Native.Framework.2.2","Microsoft.NET.Native.Framework.2.2_2.2.29512.0_x64__8wekyb3d8bbwe","CN=Microsoft Corporation, O=Microsoft Corporation, L=Redmond, S=Washington, C=US","C:\Program Files\WindowsApps\Microsoft.NET.Native.Framework.2.2_2.2.29512.0_x64__8wekyb3d8bbwe","shell:AppsFolder\Microsoft.NET.Native.Framework.2.2_8wekyb3d8bbwe"
"Microsoft.NET.Native.Framework.2.2","Microsoft.NET.Native.Framework.2.2_2.2.29512.0_x86__8wekyb3d8bbwe","CN=Microsoft Corporation, O=Microsoft Corporation, L=Redmond, S=Washington, C=US","C:\Program Files\WindowsApps\Microsoft.NET.Native.Framework.2.2_2.2.29512.0_x86__8wekyb3d8bbwe","shell:AppsFolder\Microsoft.NET.Native.Framework.2.2_8wekyb3d8bbwe"
"Microsoft.NET.Native.Runtime.2.2","Microsoft.NET.Native.Runtime.2.2_2.2.28604.0_x64__8wekyb3d8bbwe","CN=Microsoft Corporation, O=Microsoft Corporation, L=Redmond, S=Washington, C=US","C:\Program Files\WindowsApps\Microsoft.NET.Native.Runtime.2.2_2.2.28604.0_x64__8wekyb3d8bbwe","shell:AppsFolder\Microsoft.NET.Native.Runtime.2.2_8wekyb3d8bbwe"
"Microsoft.NET.Native.Runtime.2.2","Microsoft.NET.Native.Runtime.2.2_2.2.28604.0_x86__8wekyb3d8bbwe","CN=Microsoft Corporation, O=Microsoft Corporation, L=Redmond, S=Washington, C=US","C:\Program Files\WindowsApps\Microsoft.NET.Native.Runtime.2.2_2.2.28604.0_x86__8wekyb3d8bbwe","shell:AppsFolder\Microsoft.NET.Native.Runtime.2.2_8wekyb3d8bbwe"
"Microsoft.UI.Xaml.2.4","Microsoft.UI.Xaml.2.4_2.42007.9001.0_x64__8wekyb3d8bbwe","CN=Microsoft Corporation, O=Microsoft Corporation, L=Redmond, S=Washington, C=US","C:\Program Files\WindowsApps\Microsoft.UI.Xaml.2.4_2.42007.9001.0_x64__8wekyb3d8bbwe","shell:AppsFolder\Microsoft.UI.Xaml.2.4_8wekyb3d8bbwe"
"Microsoft.NET.Native.Framework.1.3","Microsoft.NET.Native.Framework.1.3_1.3.24211.0_x64__8wekyb3d8bbwe","CN=Microsoft Corporation, O=Microsoft Corporation, L=Redmond, S=Washington, C=US","C:\Program Files\WindowsApps\Microsoft.NET.Native.Framework.1.3_1.3.24211.0_x64__8wekyb3d8bbwe","shell:AppsFolder\Microsoft.NET.Native.Framework.1.3_8wekyb3d8bbwe"
"Microsoft.NET.Native.Framework.1.3","Microsoft.NET.Native.Framework.1.3_1.3.24211.0_x86__8wekyb3d8bbwe","CN=Microsoft Corporation, O=Microsoft Corporation, L=Redmond, S=Washington, C=US","C:\Program Files\WindowsApps\Microsoft.NET.Native.Framework.1.3_1.3.24211.0_x86__8wekyb3d8bbwe","shell:AppsFolder\Microsoft.NET.Native.Framework.1.3_8wekyb3d8bbwe"
"Microsoft.NET.Native.Runtime.1.4","Microsoft.NET.Native.Runtime.1.4_1.4.24201.0_x64__8wekyb3d8bbwe","CN=Microsoft Corporation, O=Microsoft Corporation, L=Redmond, S=Washington, C=US","C:\Program Files\WindowsApps\Microsoft.NET.Native.Runtime.1.4_1.4.24201.0_x64__8wekyb3d8bbwe","shell:AppsFolder\Microsoft.NET.Native.Runtime.1.4_8wekyb3d8bbwe"
"Microsoft.NET.Native.Runtime.1.4","Microsoft.NET.Native.Runtime.1.4_1.4.24201.0_x86__8wekyb3d8bbwe","CN=Microsoft Corporation, O=Microsoft Corporation, L=Redmond, S=Washington, C=US","C:\Program Files\WindowsApps\Microsoft.NET.Native.Runtime.1.4_1.4.24201.0_x86__8wekyb3d8bbwe","shell:AppsFolder\Microsoft.NET.Native.Runtime.1.4_8wekyb3d8bbwe"
"Microsoft.NET.Native.Framework.1.7","Microsoft.NET.Native.Framework.1.7_1.7.27413.0_x64__8wekyb3d8bbwe","CN=Microsoft Corporation, O=Microsoft Corporation, L=Redmond, S=Washington, C=US","C:\Program Files\WindowsApps\Microsoft.NET.Native.Framework.1.7_1.7.27413.0_x64__8wekyb3d8bbwe","shell:AppsFolder\Microsoft.NET.Native.Framework.1.7_8wekyb3d8bbwe"
"Microsoft.NET.Native.Framework.1.7","Microsoft.NET.Native.Framework.1.7_1.7.27413.0_x86__8wekyb3d8bbwe","CN=Microsoft Corporation, O=Microsoft Corporation, L=Redmond, S=Washington, C=US","C:\Program Files\WindowsApps\Microsoft.NET.Native.Framework.1.7_1.7.27413.0_x86__8wekyb3d8bbwe","shell:AppsFolder\Microsoft.NET.Native.Framework.1.7_8wekyb3d8bbwe"
"Microsoft.NET.Native.Runtime.1.7","Microsoft.NET.Native.Runtime.1.7_1.7.27422.0_x64__8wekyb3d8bbwe","CN=Microsoft Corporation, O=Microsoft Corporation, L=Redmond, S=Washington, C=US","C:\Program Files\WindowsApps\Microsoft.NET.Native.Runtime.1.7_1.7.27422.0_x64__8wekyb3d8bbwe","shell:AppsFolder\Microsoft.NET.Native.Runtime.1.7_8wekyb3d8bbwe"
"Microsoft.NET.Native.Runtime.1.7","Microsoft.NET.Native.Runtime.1.7_1.7.27422.0_x86__8wekyb3d8bbwe","CN=Microsoft Corporation, O=Microsoft Corporation, L=Redmond, S=Washington, C=US","C:\Program Files\WindowsApps\Microsoft.NET.Native.Runtime.1.7_1.7.27422.0_x86__8wekyb3d8bbwe","shell:AppsFolder\Microsoft.NET.Native.Runtime.1.7_8wekyb3d8bbwe"
"RivetNetworks.KillerControlCenter","RivetNetworks.KillerControlCenter_3.1121.1109.0_x64__rh07ty8m5nkag","CN=EB742617-4934-4951-8B93-E211D04E5A38","C:\Program Files\WindowsApps\RivetNetworks.KillerControlCenter_3.1121.1109.0_x64__rh07ty8m5nkag","shell:AppsFolder\RivetNetworks.KillerControlCenter_rh07ty8m5nkag"
"Microsoft.UI.Xaml.2.1","Microsoft.UI.Xaml.2.1_2.11906.6001.0_x64__8wekyb3d8bbwe","CN=Microsoft Corporation, O=Microsoft Corporation, L=Redmond, S=Washington, C=US","C:\Program Files\WindowsApps\Microsoft.UI.Xaml.2.1_2.11906.6001.0_x64__8wekyb3d8bbwe","shell:AppsFolder\Microsoft.UI.Xaml.2.1_8wekyb3d8bbwe"
"Microsoft.UI.Xaml.2.1","Microsoft.UI.Xaml.2.1_2.11906.6001.0_x86__8wekyb3d8bbwe","CN=Microsoft Corporation, O=Microsoft Corporation, L=Redmond, S=Washington, C=US","C:\Program Files\WindowsApps\Microsoft.UI.Xaml.2.1_2.11906.6001.0_x86__8wekyb3d8bbwe","shell:AppsFolder\Microsoft.UI.Xaml.2.1_8wekyb3d8bbwe"
"CyberLinkCorp.ac.PowerDirectorforacerDesktop","CyberLinkCorp.ac.PowerDirectorforacerDesktop_14.0.4304.0_x64__ypz87dpxkv292","CN=169F2A9C-0D7D-4177-AF66-37B0524BF4EA","C:\Program Files\WindowsApps\CyberLinkCorp.ac.PowerDirectorforacerDesktop_14.0.4304.0_x64__ypz87dpxkv292","shell:AppsFolder\CyberLinkCorp.ac.PowerDirectorforacerDesktop_ypz87dpxkv292"
"Microsoft.VCLibs.110.00.UWPDesktop","Microsoft.VCLibs.110.00.UWPDesktop_11.0.61135.0_x64__8wekyb3d8bbwe","CN=Microsoft Corporation, O=Microsoft Corporation, L=Redmond, S=Washington, C=US","C:\Program Files\WindowsApps\Microsoft.VCLibs.110.00.UWPDesktop_11.0.61135.0_x64__8wekyb3d8bbwe","shell:AppsFolder\Microsoft.VCLibs.110.00.UWPDesktop_8wekyb3d8bbwe"
"Microsoft.VCLibs.110.00.UWPDesktop","Microsoft.VCLibs.110.00.UWPDesktop_11.0.61135.0_x86__8wekyb3d8bbwe","CN=Microsoft Corporation, O=Microsoft Corporation, L=Redmond, S=Washington, C=US","C:\Program Files\WindowsApps\Microsoft.VCLibs.110.00.UWPDesktop_11.0.61135.0_x86__8wekyb3d8bbwe","shell:AppsFolder\Microsoft.VCLibs.110.00.UWPDesktop_8wekyb3d8bbwe"
"AcerIncorporated.UserExperienceImprovementProgramV","AcerIncorporated.UserExperienceImprovementProgramV_5.0.3012.0_x64__48frkmn4z8aw4","CN=EAF76292-FADE-4EAB-A62C-FE5E78661D58","C:\Program Files\WindowsApps\AcerIncorporated.UserExperienceImprovementProgramV_5.0.3012.0_x64__48frkmn4z8aw4","shell:AppsFolder\AcerIncorporated.UserExperienceImprovementProgramV_48frkmn4z8aw4"
"Microsoft.DirectXRuntime","Microsoft.DirectXRuntime_9.29.1974.0_x86__8wekyb3d8bbwe","CN=Microsoft Corporation, O=Microsoft Corporation, L=Redmond, S=Washington, C=US","C:\Program Files\WindowsApps\Microsoft.DirectXRuntime_9.29.1974.0_x86__8wekyb3d8bbwe","shell:AppsFolder\Microsoft.DirectXRuntime_8wekyb3d8bbwe"
"Microsoft.DirectXRuntime","Microsoft.DirectXRuntime_9.29.1974.0_x64__8wekyb3d8bbwe","CN=Microsoft Corporation, O=Microsoft Corporation, L=Redmond, S=Washington, C=US","C:\Program Files\WindowsApps\Microsoft.DirectXRuntime_9.29.1974.0_x64__8wekyb3d8bbwe","shell:AppsFolder\Microsoft.DirectXRuntime_8wekyb3d8bbwe"
"Microsoft.VCLibs.120.00.UWPDesktop","Microsoft.VCLibs.120.00.UWPDesktop_12.0.40653.0_x86__8wekyb3d8bbwe","CN=Microsoft Corporation, O=Microsoft Corporation, L=Redmond, S=Washington, C=US","C:\Program Files\WindowsApps\Microsoft.VCLibs.120.00.UWPDesktop_12.0.40653.0_x86__8wekyb3d8bbwe","shell:AppsFolder\Microsoft.VCLibs.120.00.UWPDesktop_8wekyb3d8bbwe"
"Microsoft.VCLibs.120.00.UWPDesktop","Microsoft.VCLibs.120.00.UWPDesktop_12.0.40653.0_x64__8wekyb3d8bbwe","CN=Microsoft Corporation, O=Microsoft Corporation, L=Redmond, S=Washington, C=US","C:\Program Files\WindowsApps\Microsoft.VCLibs.120.00.UWPDesktop_12.0.40653.0_x64__8wekyb3d8bbwe","shell:AppsFolder\Microsoft.VCLibs.120.00.UWPDesktop_8wekyb3d8bbwe"
"Microsoft.UI.Xaml.2.4","Microsoft.UI.Xaml.2.4_2.42007.9001.0_x86__8wekyb3d8bbwe","CN=Microsoft Corporation, O=Microsoft Corporation, L=Redmond, S=Washington, C=US","C:\Program Files\WindowsApps\Microsoft.UI.Xaml.2.4_2.42007.9001.0_x86__8wekyb3d8bbwe","shell:AppsFolder\Microsoft.UI.Xaml.2.4_8wekyb3d8bbwe"
"Microsoft.Xbox.TCUI","Microsoft.Xbox.TCUI_1.24.10001.0_x64__8wekyb3d8bbwe","CN=Microsoft Corporation, O=Microsoft Corporation, L=Redmond, S=Washington, C=US","C:\Program Files\WindowsApps\Microsoft.Xbox.TCUI_1.24.10001.0_x64__8wekyb3d8bbwe","shell:AppsFolder\Microsoft.Xbox.TCUI_8wekyb3d8bbwe"
"AcerIncorporated.QuickAccess","AcerIncorporated.QuickAccess_3.0.3038.0_x64__48frkmn4z8aw4","CN=EAF76292-FADE-4EAB-A62C-FE5E78661D58","C:\Program Files\WindowsApps\AcerIncorporated.QuickAccess_3.0.3038.0_x64__48frkmn4z8aw4","shell:AppsFolder\AcerIncorporated.QuickAccess_48frkmn4z8aw4"
"AcerIncorporated.AcerCareCenterS","AcerIncorporated.AcerCareCenterS_4.0.3042.0_x64__48frkmn4z8aw4","CN=EAF76292-FADE-4EAB-A62C-FE5E78661D58","C:\Program Files\WindowsApps\AcerIncorporated.AcerCareCenterS_4.0.3042.0_x64__48frkmn4z8aw4","shell:AppsFolder\AcerIncorporated.AcerCareCenterS_48frkmn4z8aw4"
"MAXONComputerGmbH.Cinebench","MAXONComputerGmbH.Cinebench_23.2.0.0_x64__rsne5bsk8s7tj","CN=9F768364-16AC-46F8-AEEE-49F7EB623189","C:\Program Files\WindowsApps\MAXONComputerGmbH.Cinebench_23.2.0.0_x64__rsne5bsk8s7tj","shell:AppsFolder\MAXONComputerGmbH.Cinebench_rsne5bsk8s7tj"
"DeskShare.FTPManagerPro","DeskShare.FTPManagerPro_1.1.0.0_x64__13ddgfpts17ng","CN=D1576193-CB98-4512-9C73-85BC82571877","C:\Program Files\WindowsApps\DeskShare.FTPManagerPro_1.1.0.0_x64__13ddgfpts17ng","shell:AppsFolder\DeskShare.FTPManagerPro_13ddgfpts17ng"
"36059XiaoyaStudio.RealFTP","36059XiaoyaStudio.RealFTP_2.1.8.0_x64__ngh7ertwt50re","CN=FB8EA4B3-3627-4C79-8231-7558717B7C95","C:\Program Files\WindowsApps\36059XiaoyaStudio.RealFTP_2.1.8.0_x64__ngh7ertwt50re","shell:AppsFolder\36059XiaoyaStudio.RealFTP_ngh7ertwt50re"
"Microsoft.UI.Xaml.2.7","Microsoft.UI.Xaml.2.7_7.2208.15002.0_x64__8wekyb3d8bbwe","CN=Microsoft Corporation, O=Microsoft Corporation, L=Redmond, S=Washington, C=US","C:\Program Files\WindowsApps\Microsoft.UI.Xaml.2.7_7.2208.15002.0_x64__8wekyb3d8bbwe","shell:AppsFolder\Microsoft.UI.Xaml.2.7_8wekyb3d8bbwe"
"34791E63.CanonInkjetPrintUtility","34791E63.CanonInkjetPrintUtility_3.1.0.0_neutral__6e5tt8cgb93ep","CN=41BAE105-1234-432C-A39C-1B7D1C24232B","C:\Program Files\WindowsApps\34791E63.CanonInkjetPrintUtility_3.1.0.0_neutral__6e5tt8cgb93ep","shell:AppsFolder\34791E63.CanonInkjetPrintUtility_6e5tt8cgb93ep"
"Microsoft.UI.Xaml.2.5","Microsoft.UI.Xaml.2.5_2.52012.2002.0_x64__8wekyb3d8bbwe","CN=Microsoft Corporation, O=Microsoft Corporation, L=Redmond, S=Washington, C=US","C:\Program Files\WindowsApps\Microsoft.UI.Xaml.2.5_2.52012.2002.0_x64__8wekyb3d8bbwe","shell:AppsFolder\Microsoft.UI.Xaml.2.5_8wekyb3d8bbwe"
"Microsoft.UI.Xaml.2.5","Microsoft.UI.Xaml.2.5_2.52012.2002.0_x86__8wekyb3d8bbwe","CN=Microsoft Corporation, O=Microsoft Corporation, L=Redmond, S=Washington, C=US","C:\Program Files\WindowsApps\Microsoft.UI.Xaml.2.5_2.52012.2002.0_x86__8wekyb3d8bbwe","shell:AppsFolder\Microsoft.UI.Xaml.2.5_8wekyb3d8bbwe"
"Microsoft.UI.Xaml.2.6","Microsoft.UI.Xaml.2.6_2.62112.3002.0_x86__8wekyb3d8bbwe","CN=Microsoft Corporation, O=Microsoft Corporation, L=Redmond, S=Washington, C=US","C:\Program Files\WindowsApps\Microsoft.UI.Xaml.2.6_2.62112.3002.0_x86__8wekyb3d8bbwe","shell:AppsFolder\Microsoft.UI.Xaml.2.6_8wekyb3d8bbwe"
"Microsoft.UI.Xaml.2.6","Microsoft.UI.Xaml.2.6_2.62112.3002.0_x64__8wekyb3d8bbwe","CN=Microsoft Corporation, O=Microsoft Corporation, L=Redmond, S=Washington, C=US","C:\Program Files\WindowsApps\Microsoft.UI.Xaml.2.6_2.62112.3002.0_x64__8wekyb3d8bbwe","shell:AppsFolder\Microsoft.UI.Xaml.2.6_8wekyb3d8bbwe"
"Microsoft.XboxGameOverlay","Microsoft.XboxGameOverlay_1.54.4001.0_x64__8wekyb3d8bbwe","CN=Microsoft Corporation, O=Microsoft Corporation, L=Redmond, S=Washington, C=US","C:\Program Files\WindowsApps\Microsoft.XboxGameOverlay_1.54.4001.0_x64__8wekyb3d8bbwe","shell:AppsFolder\Microsoft.XboxGameOverlay_8wekyb3d8bbwe"
"Microsoft.WindowsAppRuntime.1.2","Microsoft.WindowsAppRuntime.1.2_2000.777.2143.0_x64__8wekyb3d8bbwe","CN=Microsoft Corporation, O=Microsoft Corporation, L=Redmond, S=Washington, C=US","C:\Program Files\WindowsApps\Microsoft.WindowsAppRuntime.1.2_2000.777.2143.0_x64__8wekyb3d8bbwe","shell:AppsFolder\Microsoft.WindowsAppRuntime.1.2_8wekyb3d8bbwe"
"Microsoft.WindowsAppRuntime.1.2","Microsoft.WindowsAppRuntime.1.2_2000.802.31.0_x64__8wekyb3d8bbwe","CN=Microsoft Corporation, O=Microsoft Corporation, L=Redmond, S=Washington, C=US","C:\Program Files\WindowsApps\Microsoft.WindowsAppRuntime.1.2_2000.802.31.0_x64__8wekyb3d8bbwe","shell:AppsFolder\Microsoft.WindowsAppRuntime.1.2_8wekyb3d8bbwe"
"Microsoft.WindowsAppRuntime.1.2","Microsoft.WindowsAppRuntime.1.2_2000.802.31.0_x86__8wekyb3d8bbwe","CN=Microsoft Corporation, O=Microsoft Corporation, L=Redmond, S=Washington, C=US","C:\Program Files\WindowsApps\Microsoft.WindowsAppRuntime.1.2_2000.802.31.0_x86__8wekyb3d8bbwe","shell:AppsFolder\Microsoft.WindowsAppRuntime.1.2_8wekyb3d8bbwe"
"PythonSoftwareFoundation.Python.3.10","PythonSoftwareFoundation.Python.3.10_3.10.3056.0_x64__qbz5n2kfra8p0","CN=4975D53F-AA7E-49A5-8B49-EA4FDC1BB66B","C:\Program Files\WindowsApps\PythonSoftwareFoundation.Python.3.10_3.10.3056.0_x64__qbz5n2kfra8p0","shell:AppsFolder\PythonSoftwareFoundation.Python.3.10_qbz5n2kfra8p0"
"Microsoft.UI.Xaml.2.8","Microsoft.UI.Xaml.2.8_8.2305.5001.0_x64__8wekyb3d8bbwe","CN=Microsoft Corporation, O=Microsoft Corporation, L=Redmond, S=Washington, C=US","C:\Program Files\WindowsApps\Microsoft.UI.Xaml.2.8_8.2305.5001.0_x64__8wekyb3d8bbwe","shell:AppsFolder\Microsoft.UI.Xaml.2.8_8wekyb3d8bbwe"
"Microsoft.VCLibs.140.00","Microsoft.VCLibs.140.00_14.0.32530.0_x64__8wekyb3d8bbwe","CN=Microsoft Corporation, O=Microsoft Corporation, L=Redmond, S=Washington, C=US","C:\Program Files\WindowsApps\Microsoft.VCLibs.140.00_14.0.32530.0_x64__8wekyb3d8bbwe","shell:AppsFolder\Microsoft.VCLibs.140.00_8wekyb3d8bbwe"
"Microsoft.VCLibs.140.00.UWPDesktop","Microsoft.VCLibs.140.00.UWPDesktop_14.0.32530.0_x64__8wekyb3d8bbwe","CN=Microsoft Corporation, O=Microsoft Corporation, L=Redmond, S=Washington, C=US","C:\Program Files\WindowsApps\Microsoft.VCLibs.140.00.UWPDesktop_14.0.32530.0_x64__8wekyb3d8bbwe","shell:AppsFolder\Microsoft.VCLibs.140.00.UWPDesktop_8wekyb3d8bbwe"
"Microsoft.UI.Xaml.2.8","Microsoft.UI.Xaml.2.8_8.2306.22001.0_x64__8wekyb3d8bbwe","CN=Microsoft Corporation, O=Microsoft Corporation, L=Redmond, S=Washington, C=US","C:\Program Files\WindowsApps\Microsoft.UI.Xaml.2.8_8.2306.22001.0_x64__8wekyb3d8bbwe","shell:AppsFolder\Microsoft.UI.Xaml.2.8_8wekyb3d8bbwe"
"Microsoft.Services.Store.Engagement","Microsoft.Services.Store.Engagement_10.0.23012.0_x64__8wekyb3d8bbwe","CN=Microsoft Corporation, O=Microsoft Corporation, L=Redmond, S=Washington, C=US","C:\Program Files\WindowsApps\Microsoft.Services.Store.Engagement_10.0.23012.0_x64__8wekyb3d8bbwe","shell:AppsFolder\Microsoft.Services.Store.Engagement_8wekyb3d8bbwe"
"Microsoft.Services.Store.Engagement","Microsoft.Services.Store.Engagement_10.0.23012.0_x86__8wekyb3d8bbwe","CN=Microsoft Corporation, O=Microsoft Corporation, L=Redmond, S=Washington, C=US","C:\Program Files\WindowsApps\Microsoft.Services.Store.Engagement_10.0.23012.0_x86__8wekyb3d8bbwe","shell:AppsFolder\Microsoft.Services.Store.Engagement_8wekyb3d8bbwe"
"Microsoft.WindowsAppRuntime.1.3","Microsoft.WindowsAppRuntime.1.3_3000.934.1904.0_x86__8wekyb3d8bbwe","CN=Microsoft Corporation, O=Microsoft Corporation, L=Redmond, S=Washington, C=US","C:\Program Files\WindowsApps\Microsoft.WindowsAppRuntime.1.3_3000.934.1904.0_x86__8wekyb3d8bbwe","shell:AppsFolder\Microsoft.WindowsAppRuntime.1.3_8wekyb3d8bbwe"
"Microsoft.WindowsAppRuntime.1.3","Microsoft.WindowsAppRuntime.1.3_3000.934.1904.0_x64__8wekyb3d8bbwe","CN=Microsoft Corporation, O=Microsoft Corporation, L=Redmond, S=Washington, C=US","C:\Program Files\WindowsApps\Microsoft.WindowsAppRuntime.1.3_3000.934.1904.0_x64__8wekyb3d8bbwe","shell:AppsFolder\Microsoft.WindowsAppRuntime.1.3_8wekyb3d8bbwe"
"NortonSecurity","NortonSecurity_1.0.0.1_neutral__cjtsyd8xszapp","CN=NortonLifeLock Inc., OU=Norton Product Engineering - CM, O=NortonLifeLock Inc., L=Tempe, S=Arizona, C=US","C:\Program Files\WindowsApps\NortonSecurity_1.0.0.1_neutral__cjtsyd8xszapp","shell:AppsFolder\NortonSecurity_cjtsyd8xszapp"
"Microsoft.Winget.Source","Microsoft.Winget.Source_2023.1217.1930.385_neutral__8wekyb3d8bbwe","CN=Microsoft Corporation, O=Microsoft Corporation, L=Redmond, S=Washington, C=US","C:\Program Files\WindowsApps\Microsoft.Winget.Source_2023.1217.1930.385_neutral__8wekyb3d8bbwe","shell:AppsFolder\Microsoft.Winget.Source_8wekyb3d8bbwe"
"Microsoft.Windows.OOBENetworkConnectionFlow","Microsoft.Windows.OOBENetworkConnectionFlow_10.0.21302.1000_neutral__cw5n1h2txyewy","CN=Microsoft Windows, O=Microsoft Corporation, L=Redmond, S=Washington, C=US","C:\Windows\SystemApps\Microsoft.Windows.OOBENetworkConnectionFlow_cw5n1h2txyewy","shell:AppsFolder\Microsoft.Windows.OOBENetworkConnectionFlow_cw5n1h2txyewy"
"Microsoft.Windows.OOBENetworkCaptivePortal","Microsoft.Windows.OOBENetworkCaptivePortal_10.0.21302.1000_neutral__cw5n1h2txyewy","CN=Microsoft Windows, O=Microsoft Corporation, L=Redmond, S=Washington, C=US","C:\Windows\SystemApps\Microsoft.Windows.OOBENetworkCaptivePortal_cw5n1h2txyewy","shell:AppsFolder\Microsoft.Windows.OOBENetworkCaptivePortal_cw5n1h2txyewy"
"Microsoft.VCLibs.140.00.UWPDesktop","Microsoft.VCLibs.140.00.UWPDesktop_14.0.33321.0_x64__8wekyb3d8bbwe","CN=Microsoft Corporation, O=Microsoft Corporation, L=Redmond, S=Washington, C=US","C:\Program Files\WindowsApps\Microsoft.VCLibs.140.00.UWPDesktop_14.0.33321.0_x64__8wekyb3d8bbwe","shell:AppsFolder\Microsoft.VCLibs.140.00.UWPDesktop_8wekyb3d8bbwe"
"Microsoft.VCLibs.140.00","Microsoft.VCLibs.140.00_14.0.33321.0_x86__8wekyb3d8bbwe","CN=Microsoft Corporation, O=Microsoft Corporation, L=Redmond, S=Washington, C=US","C:\Program Files\WindowsApps\Microsoft.VCLibs.140.00_14.0.33321.0_x86__8wekyb3d8bbwe","shell:AppsFolder\Microsoft.VCLibs.140.00_8wekyb3d8bbwe"
"Microsoft.VCLibs.140.00","Microsoft.VCLibs.140.00_14.0.33321.0_x64__8wekyb3d8bbwe","CN=Microsoft Corporation, O=Microsoft Corporation, L=Redmond, S=Washington, C=US","C:\Program Files\WindowsApps\Microsoft.VCLibs.140.00_14.0.33321.0_x64__8wekyb3d8bbwe","shell:AppsFolder\Microsoft.VCLibs.140.00_8wekyb3d8bbwe"
"Microsoft.WindowsAppRuntime.1.4","Microsoft.WindowsAppRuntime.1.4_4000.1082.2259.0_x64__8wekyb3d8bbwe","CN=Microsoft Corporation, O=Microsoft Corporation, L=Redmond, S=Washington, C=US","C:\Program Files\WindowsApps\Microsoft.WindowsAppRuntime.1.4_4000.1082.2259.0_x64__8wekyb3d8bbwe","shell:AppsFolder\Microsoft.WindowsAppRuntime.1.4_8wekyb3d8bbwe"
"Microsoft.VCLibs.140.00","Microsoft.VCLibs.140.00_14.0.33519.0_x86__8wekyb3d8bbwe","CN=Microsoft Corporation, O=Microsoft Corporation, L=Redmond, S=Washington, C=US","C:\Program Files\WindowsApps\Microsoft.VCLibs.140.00_14.0.33519.0_x86__8wekyb3d8bbwe","shell:AppsFolder\Microsoft.VCLibs.140.00_8wekyb3d8bbwe"
"Microsoft.VCLibs.140.00.UWPDesktop","Microsoft.VCLibs.140.00.UWPDesktop_14.0.33519.0_x64__8wekyb3d8bbwe","CN=Microsoft Corporation, O=Microsoft Corporation, L=Redmond, S=Washington, C=US","C:\Program Files\WindowsApps\Microsoft.VCLibs.140.00.UWPDesktop_14.0.33519.0_x64__8wekyb3d8bbwe","shell:AppsFolder\Microsoft.VCLibs.140.00.UWPDesktop_8wekyb3d8bbwe"
"Microsoft.WindowsAppRuntime.1.4","Microsoft.WindowsAppRuntime.1.4_4000.1136.2333.0_x64__8wekyb3d8bbwe","CN=Microsoft Corporation, O=Microsoft Corporation, L=Redmond, S=Washington, C=US","C:\Program Files\WindowsApps\Microsoft.WindowsAppRuntime.1.4_4000.1136.2333.0_x64__8wekyb3d8bbwe","shell:AppsFolder\Microsoft.WindowsAppRuntime.1.4_8wekyb3d8bbwe"
"PythonSoftwareFoundation.Python.3.11","PythonSoftwareFoundation.Python.3.11_3.11.2544.0_x64__qbz5n2kfra8p0","CN=4975D53F-AA7E-49A5-8B49-EA4FDC1BB66B","C:\Program Files\WindowsApps\PythonSoftwareFoundation.Python.3.11_3.11.2544.0_x64__qbz5n2kfra8p0","shell:AppsFolder\PythonSoftwareFoundation.Python.3.11_qbz5n2kfra8p0"
"StudioWildcard.4558480580BB9","StudioWildcard.4558480580BB9_1.212.962.2_x64__1w2mm55455e38","CN=09AB2E6F-B8FD-4251-B19D-E939FA0BBD08","C:\Program Files\WindowsApps\StudioWildcard.4558480580BB9_1.212.962.2_x64__1w2mm55455e38","shell:AppsFolder\StudioWildcard.4558480580BB9_1w2mm55455e38"
"Microsoft.AAD.BrokerPlugin","Microsoft.AAD.BrokerPlugin_1000.19580.1000.0_neutral_neutral_cw5n1h2txyewy","CN=Microsoft Windows, O=Microsoft Corporation, L=Redmond, S=Washington, C=US","C:\Windows\SystemApps\Microsoft.AAD.BrokerPlugin_cw5n1h2txyewy","shell:AppsFolder\Microsoft.AAD.BrokerPlugin_cw5n1h2txyewy"
"Microsoft.BioEnrollment","Microsoft.BioEnrollment_10.0.19587.1000_neutral__cw5n1h2txyewy","CN=Microsoft Windows, O=Microsoft Corporation, L=Redmond, S=Washington, C=US","C:\Windows\SystemApps\Microsoft.BioEnrollment_cw5n1h2txyewy","shell:AppsFolder\Microsoft.BioEnrollment_cw5n1h2txyewy"
"1527c705-839a-4832-9118-54d4Bd6a0c89","1527c705-839a-4832-9118-54d4Bd6a0c89_10.0.19640.1000_neutral_neutral_cw5n1h2txyewy","CN=Microsoft Windows, O=Microsoft Corporation, L=Redmond, S=Washington, C=US","C:\Windows\SystemApps\Microsoft.Windows.FilePicker_cw5n1h2txyewy","shell:AppsFolder\1527c705-839a-4832-9118-54d4Bd6a0c89_cw5n1h2txyewy"
"E2A4F912-2574-4A75-9BB0-0D023378592B","E2A4F912-2574-4A75-9BB0-0D023378592B_10.0.19640.1000_neutral_neutral_cw5n1h2txyewy","CN=Microsoft Windows, O=Microsoft Corporation, L=Redmond, S=Washington, C=US","C:\Windows\SystemApps\Microsoft.Windows.AppResolverUX_cw5n1h2txyewy","shell:AppsFolder\E2A4F912-2574-4A75-9BB0-0D023378592B_cw5n1h2txyewy"
"Microsoft.CredDialogHost","Microsoft.CredDialogHost_10.0.19595.1001_neutral__cw5n1h2txyewy","CN=Microsoft Windows, O=Microsoft Corporation, L=Redmond, S=Washington, C=US","C:\Windows\SystemApps\microsoft.creddialoghost_cw5n1h2txyewy","shell:AppsFolder\Microsoft.CredDialogHost_cw5n1h2txyewy"
"Windows.CBSPreview","Windows.CBSPreview_10.0.19580.1000_neutral_neutral_cw5n1h2txyewy","CN=Microsoft Windows, O=Microsoft Corporation, L=Redmond, S=Washington, C=US","C:\Windows\SystemApps\Windows.CBSPreview_cw5n1h2txyewy","shell:AppsFolder\Windows.CBSPreview_cw5n1h2txyewy"
"Microsoft.Windows.CapturePicker","Microsoft.Windows.CapturePicker_10.0.19580.1000_neutral__cw5n1h2txyewy","CN=Microsoft Windows, O=Microsoft Corporation, L=Redmond, S=Washington, C=US","C:\Windows\SystemApps\Microsoft.Windows.CapturePicker_cw5n1h2txyewy","shell:AppsFolder\Microsoft.Windows.CapturePicker_cw5n1h2txyewy"
"Microsoft.Windows.DevHome","Microsoft.Windows.DevHome_0.0.0.0_x64__8wekyb3d8bbwe","CN=Microsoft Corporation, O=Microsoft Corporation, L=Redmond, S=Washington, C=US","C:\Program Files\WindowsApps\Microsoft.Windows.DevHome_0.0.0.0_x64__8wekyb3d8bbwe","shell:AppsFolder\Microsoft.Windows.DevHome_8wekyb3d8bbwe"
"Microsoft.VCLibs.140.00.UWPDesktop","Microsoft.VCLibs.140.00.UWPDesktop_14.0.33728.0_x86__8wekyb3d8bbwe","CN=Microsoft Corporation, O=Microsoft Corporation, L=Redmond, S=Washington, C=US","C:\Program Files\WindowsApps\Microsoft.VCLibs.140.00.UWPDesktop_14.0.33728.0_x86__8wekyb3d8bbwe","shell:AppsFolder\Microsoft.VCLibs.140.00.UWPDesktop_8wekyb3d8bbwe"
"Microsoft.WebMediaExtensions","Microsoft.WebMediaExtensions_1.1.1295.0_x64__8wekyb3d8bbwe","CN=Microsoft Corporation, O=Microsoft Corporation, L=Redmond, S=Washington, C=US","C:\Program Files\WindowsApps\Microsoft.WebMediaExtensions_1.1.1295.0_x64__8wekyb3d8bbwe","shell:AppsFolder\Microsoft.WebMediaExtensions_8wekyb3d8bbwe"
"Team17DigitalLimited.Overcooked2Win10","Team17DigitalLimited.Overcooked2Win10_1.0.249.0_x64__j5x4vj4y67jhc","CN=043C4DB2-96AB-4BFF-9F54-D5061B88C849","C:\Program Files\WindowsApps\Team17DigitalLimited.Overcooked2Win10_1.0.249.0_x64__j5x4vj4y67jhc","shell:AppsFolder\Team17DigitalLimited.Overcooked2Win10_j5x4vj4y67jhc"
"Microsoft.WindowsAppRuntime.1.5","Microsoft.WindowsAppRuntime.1.5_5001.159.55.0_x64__8wekyb3d8bbwe","CN=Microsoft Corporation, O=Microsoft Corporation, L=Redmond, S=Washington, C=US","C:\Program Files\WindowsApps\Microsoft.WindowsAppRuntime.1.5_5001.159.55.0_x64__8wekyb3d8bbwe","shell:AppsFolder\Microsoft.WindowsAppRuntime.1.5_8wekyb3d8bbwe"
"Microsoft.WindowsAppRuntime.1.5","Microsoft.WindowsAppRuntime.1.5_5001.178.1908.0_x64__8wekyb3d8bbwe","CN=Microsoft Corporation, O=Microsoft Corporation, L=Redmond, S=Washington, C=US","C:\Program Files\WindowsApps\Microsoft.WindowsAppRuntime.1.5_5001.178.1908.0_x64__8wekyb3d8bbwe","shell:AppsFolder\Microsoft.WindowsAppRuntime.1.5_8wekyb3d8bbwe"
"Microsoft.WebpImageExtension","Microsoft.WebpImageExtension_1.1.1711.0_x64__8wekyb3d8bbwe","CN=Microsoft Corporation, O=Microsoft Corporation, L=Redmond, S=Washington, C=US","C:\Program Files\WindowsApps\Microsoft.WebpImageExtension_1.1.1711.0_x64__8wekyb3d8bbwe","shell:AppsFolder\Microsoft.WebpImageExtension_8wekyb3d8bbwe"
"Microsoft.WindowsAppRuntime.1.5","Microsoft.WindowsAppRuntime.1.5_5001.214.1843.0_x64__8wekyb3d8bbwe","CN=Microsoft Corporation, O=Microsoft Corporation, L=Redmond, S=Washington, C=US","C:\Program Files\WindowsApps\Microsoft.WindowsAppRuntime.1.5_5001.214.1843.0_x64__8wekyb3d8bbwe","shell:AppsFolder\Microsoft.WindowsAppRuntime.1.5_8wekyb3d8bbwe"
"Team17DigitalLimited.GolfWithYourFriendsWin10","Team17DigitalLimited.GolfWithYourFriendsWin10_1.0.214.0_x64__j5x4vj4y67jhc","CN=043C4DB2-96AB-4BFF-9F54-D5061B88C849","C:\Program Files\WindowsApps\Team17DigitalLimited.GolfWithYourFriendsWin10_1.0.214.0_x64__j5x4vj4y67jhc","shell:AppsFolder\Team17DigitalLimited.GolfWithYourFriendsWin10_j5x4vj4y67jhc"
"Microsoft.UI.Xaml.2.7","Microsoft.UI.Xaml.2.7_7.2409.9001.0_x64__8wekyb3d8bbwe","CN=Microsoft Corporation, O=Microsoft Corporation, L=Redmond, S=Washington, C=US","C:\Program Files\WindowsApps\Microsoft.UI.Xaml.2.7_7.2409.9001.0_x64__8wekyb3d8bbwe","shell:AppsFolder\Microsoft.UI.Xaml.2.7_8wekyb3d8bbwe"
"Microsoft.UI.Xaml.2.7","Microsoft.UI.Xaml.2.7_7.2409.9001.0_x86__8wekyb3d8bbwe","CN=Microsoft Corporation, O=Microsoft Corporation, L=Redmond, S=Washington, C=US","C:\Program Files\WindowsApps\Microsoft.UI.Xaml.2.7_7.2409.9001.0_x86__8wekyb3d8bbwe","shell:AppsFolder\Microsoft.UI.Xaml.2.7_8wekyb3d8bbwe"
"Microsoft.WindowsAppRuntime.1.4","Microsoft.WindowsAppRuntime.1.4_4000.1309.2056.0_x86__8wekyb3d8bbwe","CN=Microsoft Corporation, O=Microsoft Corporation, L=Redmond, S=Washington, C=US","C:\Program Files\WindowsApps\Microsoft.WindowsAppRuntime.1.4_4000.1309.2056.0_x86__8wekyb3d8bbwe","shell:AppsFolder\Microsoft.WindowsAppRuntime.1.4_8wekyb3d8bbwe"
"Microsoft.WindowsAppRuntime.1.4","Microsoft.WindowsAppRuntime.1.4_4000.1309.2056.0_x64__8wekyb3d8bbwe","CN=Microsoft Corporation, O=Microsoft Corporation, L=Redmond, S=Washington, C=US","C:\Program Files\WindowsApps\Microsoft.WindowsAppRuntime.1.4_4000.1309.2056.0_x64__8wekyb3d8bbwe","shell:AppsFolder\Microsoft.WindowsAppRuntime.1.4_8wekyb3d8bbwe"
"Microsoft.WindowsAppRuntime.1.5","Microsoft.WindowsAppRuntime.1.5_5001.275.500.0_x64__8wekyb3d8bbwe","CN=Microsoft Corporation, O=Microsoft Corporation, L=Redmond, S=Washington, C=US","C:\Program Files\WindowsApps\Microsoft.WindowsAppRuntime.1.5_5001.275.500.0_x64__8wekyb3d8bbwe","shell:AppsFolder\Microsoft.WindowsAppRuntime.1.5_8wekyb3d8bbwe"
"Microsoft.GetHelp","Microsoft.GetHelp_10.2409.22951.0_x64__8wekyb3d8bbwe","CN=Microsoft Corporation, O=Microsoft Corporation, L=Redmond, S=Washington, C=US","C:\Program Files\WindowsApps\Microsoft.GetHelp_10.2409.22951.0_x64__8wekyb3d8bbwe","shell:AppsFolder\Microsoft.GetHelp_8wekyb3d8bbwe"
"39C668CD.PowerWashSimulator","39C668CD.PowerWashSimulator_23.2410.210.0_x64__r7bfsmp40f67j","CN=2B27304C-2106-4F3D-9BC6-35D614E1C0F0","C:\Program Files\WindowsApps\39C668CD.PowerWashSimulator_23.2410.210.0_x64__r7bfsmp40f67j","shell:AppsFolder\39C668CD.PowerWashSimulator_r7bfsmp40f67j"
"Innersloth.AmongUs","Innersloth.AmongUs_2024.11.263.0_x64__fw5x688tam7rm","CN=5A57224C-EF56-4C83-83C1-11C78B125F60","C:\Program Files\WindowsApps\Innersloth.AmongUs_2024.11.263.0_x64__fw5x688tam7rm","shell:AppsFolder\Innersloth.AmongUs_fw5x688tam7rm"
"Microsoft.WindowsAppRuntime.1.5","Microsoft.WindowsAppRuntime.1.5_5001.311.2039.0_x64__8wekyb3d8bbwe","CN=Microsoft Corporation, O=Microsoft Corporation, L=Redmond, S=Washington, C=US","C:\Program Files\WindowsApps\Microsoft.WindowsAppRuntime.1.5_5001.311.2039.0_x64__8wekyb3d8bbwe","shell:AppsFolder\Microsoft.WindowsAppRuntime.1.5_8wekyb3d8bbwe"
"Microsoft.XboxDevices","Microsoft.XboxDevices_2411.2411.14001.0_x64__8wekyb3d8bbwe","CN=Microsoft Corporation, O=Microsoft Corporation, L=Redmond, S=Washington, C=US","C:\Program Files\WindowsApps\Microsoft.XboxDevices_2411.2411.14001.0_x64__8wekyb3d8bbwe","shell:AppsFolder\Microsoft.XboxDevices_8wekyb3d8bbwe"
"ParadoxInteractive.Stellaris-MicrosoftStoreEdition","ParadoxInteractive.Stellaris-MicrosoftStoreEdition_3.14.80.0_x64__zfnrdv2de78ny","CN=412027F1-C440-4D27-9222-E4024A430F78","C:\Program Files\WindowsApps\ParadoxInteractive.Stellaris-MicrosoftStoreEdition_3.14.80.0_x64__zfnrdv2de78ny","shell:AppsFolder\ParadoxInteractive.Stellaris-MicrosoftStoreEdition_zfnrdv2de78ny"
"Microsoft.MinecraftUWP","Microsoft.MinecraftUWP_1.21.5101.0_x64__8wekyb3d8bbwe","CN=Microsoft Corporation, O=Microsoft Corporation, L=Redmond, S=Washington, C=US","C:\Users\chave\AppData\Roaming\Amethyst\Versions\Minecraft-1.21.51.1","shell:AppsFolder\Microsoft.MinecraftUWP_8wekyb3d8bbwe"
"c5e2524a-ea46-4f67-841f-6a9465d9d515","c5e2524a-ea46-4f67-841f-6a9465d9d515_10.0.26100.1_neutral_neutral_cw5n1h2txyewy","CN=Microsoft Windows, O=Microsoft Corporation, L=Redmond, S=Washington, C=US","C:\Windows\SystemApps\Microsoft.Windows.FileExplorer_cw5n1h2txyewy","shell:AppsFolder\c5e2524a-ea46-4f67-841f-6a9465d9d515_cw5n1h2txyewy"
"F46D4000-FD22-4DB4-AC8E-4E1DDDE828FE","F46D4000-FD22-4DB4-AC8E-4E1DDDE828FE_10.0.26100.1_neutral_neutral_cw5n1h2txyewy","CN=Microsoft Windows, O=Microsoft Corporation, L=Redmond, S=Washington, C=US","C:\Windows\SystemApps\Microsoft.Windows.AddSuggestedFoldersToLibraryDialog_cw5n1h2txyewy","shell:AppsFolder\F46D4000-FD22-4DB4-AC8E-4E1DDDE828FE_cw5n1h2txyewy"
"Microsoft.AccountsControl","Microsoft.AccountsControl_10.0.26100.1_neutral__cw5n1h2txyewy","CN=Microsoft Windows, O=Microsoft Corporation, L=Redmond, S=Washington, C=US","C:\Windows\SystemApps\Microsoft.AccountsControl_cw5n1h2txyewy","shell:AppsFolder\Microsoft.AccountsControl_cw5n1h2txyewy"
"Microsoft.AsyncTextService","Microsoft.AsyncTextService_10.0.26100.1_neutral__8wekyb3d8bbwe","CN=Microsoft Corporation, O=Microsoft Corporation, L=Redmond, S=Washington, C=US","C:\Windows\SystemApps\Microsoft.AsyncTextService_8wekyb3d8bbwe","shell:AppsFolder\Microsoft.AsyncTextService_8wekyb3d8bbwe"
"Microsoft.UI.Xaml.CBS","Microsoft.UI.Xaml.CBS_9.2311.10002.0_x64__8wekyb3d8bbwe","CN=Microsoft Corporation, O=Microsoft Corporation, L=Redmond, S=Washington, C=US","C:\Windows\SystemApps\Microsoft.UI.Xaml.CBS_8wekyb3d8bbwe","shell:AppsFolder\Microsoft.UI.Xaml.CBS_8wekyb3d8bbwe"
"Microsoft.LockApp","Microsoft.LockApp_10.0.26100.1301_neutral__cw5n1h2txyewy","CN=Microsoft Windows, O=Microsoft Corporation, L=Redmond, S=Washington, C=US","C:\Windows\SystemApps\Microsoft.LockApp_cw5n1h2txyewy","shell:AppsFolder\Microsoft.LockApp_cw5n1h2txyewy"
"Microsoft.MicrosoftEdgeDevToolsClient","Microsoft.MicrosoftEdgeDevToolsClient_1000.25128.1000.0_neutral_neutral_8wekyb3d8bbwe","CN=Microsoft Corporation, O=Microsoft Corporation, L=Redmond, S=Washington, C=US","C:\Windows\SystemApps\Microsoft.MicrosoftEdgeDevToolsClient_8wekyb3d8bbwe","shell:AppsFolder\Microsoft.MicrosoftEdgeDevToolsClient_8wekyb3d8bbwe"
"Microsoft.Win32WebViewHost","Microsoft.Win32WebViewHost_10.0.26100.1_neutral_neutral_cw5n1h2txyewy","CN=Microsoft Windows, O=Microsoft Corporation, L=Redmond, S=Washington, C=US","C:\Windows\SystemApps\Microsoft.Win32WebViewHost_cw5n1h2txyewy","shell:AppsFolder\Microsoft.Win32WebViewHost_cw5n1h2txyewy"
"Microsoft.Windows.Apprep.ChxApp","Microsoft.Windows.Apprep.ChxApp_1000.25128.1000.0_neutral_neutral_cw5n1h2txyewy","CN=Microsoft Windows, O=Microsoft Corporation, L=Redmond, S=Washington, C=US","C:\Windows\SystemApps\Microsoft.Windows.AppRep.ChxApp_cw5n1h2txyewy","shell:AppsFolder\Microsoft.Windows.Apprep.ChxApp_cw5n1h2txyewy"
"Microsoft.Windows.AssignedAccessLockApp","Microsoft.Windows.AssignedAccessLockApp_1000.25128.1000.0_neutral_neutral_cw5n1h2txyewy","CN=Microsoft Windows, O=Microsoft Corporation, L=Redmond, S=Washington, C=US","C:\Windows\SystemApps\Microsoft.Windows.AssignedAccessLockApp_cw5n1h2txyewy","shell:AppsFolder\Microsoft.Windows.AssignedAccessLockApp_cw5n1h2txyewy"
"Microsoft.Windows.AugLoop.CBS","Microsoft.Windows.AugLoop.CBS_1.1004.2226.0_x64__8wekyb3d8bbwe","CN=Microsoft Corporation, O=Microsoft Corporation, L=Redmond, S=Washington, C=US","C:\Windows\SystemApps\Microsoft.Windows.AugLoop.CBS_8wekyb3d8bbwe","shell:AppsFolder\Microsoft.Windows.AugLoop.CBS_8wekyb3d8bbwe"
"Microsoft.Windows.CloudExperienceHost","Microsoft.Windows.CloudExperienceHost_10.0.26100.1_neutral_neutral_cw5n1h2txyewy","CN=Microsoft Windows, O=Microsoft Corporation, L=Redmond, S=Washington, C=US","C:\Windows\SystemApps\Microsoft.Windows.CloudExperienceHost_cw5n1h2txyewy","shell:AppsFolder\Microsoft.Windows.CloudExperienceHost_cw5n1h2txyewy"
"Microsoft.Windows.ContentDeliveryManager","Microsoft.Windows.ContentDeliveryManager_10.0.26100.1_neutral_neutral_cw5n1h2txyewy","CN=Microsoft Windows, O=Microsoft Corporation, L=Redmond, S=Washington, C=US","C:\Windows\SystemApps\Microsoft.Windows.ContentDeliveryManager_cw5n1h2txyewy","shell:AppsFolder\Microsoft.Windows.ContentDeliveryManager_cw5n1h2txyewy"
"Microsoft.Windows.ParentalControls","Microsoft.Windows.ParentalControls_1000.25128.1000.0_neutral_neutral_cw5n1h2txyewy","CN=Microsoft Windows, O=Microsoft Corporation, L=Redmond, S=Washington, C=US","C:\Windows\SystemApps\ParentalControls_cw5n1h2txyewy","shell:AppsFolder\Microsoft.Windows.ParentalControls_cw5n1h2txyewy"
"Microsoft.Windows.PeopleExperienceHost","Microsoft.Windows.PeopleExperienceHost_10.0.26100.1_neutral_neutral_cw5n1h2txyewy","CN=Microsoft Windows, O=Microsoft Corporation, L=Redmond, S=Washington, C=US","C:\Windows\SystemApps\Microsoft.Windows.PeopleExperienceHost_cw5n1h2txyewy","shell:AppsFolder\Microsoft.Windows.PeopleExperienceHost_cw5n1h2txyewy"
"Microsoft.Windows.PinningConfirmationDialog","Microsoft.Windows.PinningConfirmationDialog_1000.25140.1001.0_neutral__cw5n1h2txyewy","CN=Microsoft Windows, O=Microsoft Corporation, L=Redmond, S=Washington, C=US","C:\Windows\SystemApps\Microsoft.Windows.PinningConfirmationDialog_cw5n1h2txyewy","shell:AppsFolder\Microsoft.Windows.PinningConfirmationDialog_cw5n1h2txyewy"
"Microsoft.Windows.PrintQueueActionCenter","Microsoft.Windows.PrintQueueActionCenter_1.0.2.0_neutral_neutral_cw5n1h2txyewy","CN=Microsoft Windows, O=Microsoft Corporation, L=Redmond, S=Washington, C=US","C:\Windows\SystemApps\Microsoft.Windows.PrintQueueActionCenter_cw5n1h2txyewy","shell:AppsFolder\Microsoft.Windows.PrintQueueActionCenter_cw5n1h2txyewy"
"Microsoft.Windows.SecureAssessmentBrowser","Microsoft.Windows.SecureAssessmentBrowser_10.0.26100.1_neutral_neutral_cw5n1h2txyewy","CN=Microsoft Windows, O=Microsoft Corporation, L=Redmond, S=Washington, C=US","C:\Windows\SystemApps\Microsoft.Windows.SecureAssessmentBrowser_cw5n1h2txyewy","shell:AppsFolder\Microsoft.Windows.SecureAssessmentBrowser_cw5n1h2txyewy"
"Microsoft.Windows.StartMenuExperienceHost","Microsoft.Windows.StartMenuExperienceHost_10.0.26100.1882_neutral_neutral_cw5n1h2txyewy","CN=Microsoft Windows, O=Microsoft Corporation, L=Redmond, S=Washington, C=US","C:\Windows\SystemApps\Microsoft.Windows.StartMenuExperienceHost_cw5n1h2txyewy","shell:AppsFolder\Microsoft.Windows.StartMenuExperienceHost_cw5n1h2txyewy"
"Microsoft.Windows.XGpuEjectDialog","Microsoft.Windows.XGpuEjectDialog_10.0.26100.1_neutral_neutral_cw5n1h2txyewy","CN=Microsoft Windows, O=Microsoft Corporation, L=Redmond, S=Washington, C=US","C:\Windows\SystemApps\Microsoft.Windows.XGpuEjectDialog_cw5n1h2txyewy","shell:AppsFolder\Microsoft.Windows.XGpuEjectDialog_cw5n1h2txyewy"
"Microsoft.XboxGameCallableUI","Microsoft.XboxGameCallableUI_1000.25128.1000.0_neutral_neutral_cw5n1h2txyewy","CN=Microsoft Windows, O=Microsoft Corporation, L=Redmond, S=Washington, C=US","C:\Windows\SystemApps\Microsoft.XboxGameCallableUI_cw5n1h2txyewy","shell:AppsFolder\Microsoft.XboxGameCallableUI_cw5n1h2txyewy"
"MicrosoftWindows.Client.FileExp","MicrosoftWindows.Client.FileExp_1000.26100.3.0_x64__cw5n1h2txyewy","CN=Microsoft Windows, O=Microsoft Corporation, L=Redmond, S=Washington, C=US","C:\Windows\SystemApps\MicrosoftWindows.Client.FileExp_cw5n1h2txyewy","shell:AppsFolder\MicrosoftWindows.Client.FileExp_cw5n1h2txyewy"
"MicrosoftWindows.Client.OOBE","MicrosoftWindows.Client.OOBE_1000.26100.2.0_x64__cw5n1h2txyewy","CN=Microsoft Windows, O=Microsoft Corporation, L=Redmond, S=Washington, C=US","C:\Windows\SystemApps\MicrosoftWindows.Client.OOBE_cw5n1h2txyewy","shell:AppsFolder\MicrosoftWindows.Client.OOBE_cw5n1h2txyewy"
"MicrosoftWindows.UndockedDevKit","MicrosoftWindows.UndockedDevKit_10.0.26100.1_neutral_neutral_cw5n1h2txyewy","CN=Microsoft Windows, O=Microsoft Corporation, L=Redmond, S=Washington, C=US","C:\Windows\SystemApps\MicrosoftWindows.UndockedDevKit_cw5n1h2txyewy","shell:AppsFolder\MicrosoftWindows.UndockedDevKit_cw5n1h2txyewy"
"windows.immersivecontrolpanel","windows.immersivecontrolpanel_10.0.8.1000_neutral_neutral_cw5n1h2txyewy","CN=Microsoft Windows, O=Microsoft Corporation, L=Redmond, S=Washington, C=US","C:\Windows\ImmersiveControlPanel","shell:AppsFolder\windows.immersivecontrolpanel_cw5n1h2txyewy"
"Windows.PrintDialog","Windows.PrintDialog_6.2.3.0_neutral_neutral_cw5n1h2txyewy","CN=Microsoft Windows, O=Microsoft Corporation, L=Redmond, S=Washington, C=US","C:\Windows\SystemApps\Windows.PrintDialog_cw5n1h2txyewy","shell:AppsFolder\Windows.PrintDialog_cw5n1h2txyewy"
"Microsoft.Windows.NarratorQuickStart","Microsoft.Windows.NarratorQuickStart_10.0.26100.1_neutral_neutral_8wekyb3d8bbwe","CN=Microsoft Corporation, O=Microsoft Corporation, L=Redmond, S=Washington, C=US","C:\Windows\SystemApps\microsoft.windows.narratorquickstart_8wekyb3d8bbwe","shell:AppsFolder\Microsoft.Windows.NarratorQuickStart_8wekyb3d8bbwe"
"Microsoft.ECApp","Microsoft.ECApp_10.0.26100.1150_neutral__8wekyb3d8bbwe","CN=Microsoft Corporation, O=Microsoft Corporation, L=Redmond, S=Washington, C=US","C:\Windows\SystemApps\Microsoft.ECApp_8wekyb3d8bbwe","shell:AppsFolder\Microsoft.ECApp_8wekyb3d8bbwe"
"Microsoft.AV1VideoExtension","Microsoft.AV1VideoExtension_1.3.4.0_x64__8wekyb3d8bbwe","CN=Microsoft Corporation, O=Microsoft Corporation, L=Redmond, S=Washington, C=US","C:\Program Files\WindowsApps\Microsoft.AV1VideoExtension_1.3.4.0_x64__8wekyb3d8bbwe","shell:AppsFolder\Microsoft.AV1VideoExtension_8wekyb3d8bbwe"
"Microsoft.VP9VideoExtensions","Microsoft.VP9VideoExtensions_1.2.2.0_x64__8wekyb3d8bbwe","CN=Microsoft Corporation, O=Microsoft Corporation, L=Redmond, S=Washington, C=US","C:\Program Files\WindowsApps\Microsoft.VP9VideoExtensions_1.2.2.0_x64__8wekyb3d8bbwe","shell:AppsFolder\Microsoft.VP9VideoExtensions_8wekyb3d8bbwe"
"Microsoft.HEIFImageExtension","Microsoft.HEIFImageExtension_1.2.3.0_x64__8wekyb3d8bbwe","CN=Microsoft Corporation, O=Microsoft Corporation, L=Redmond, S=Washington, C=US","C:\Program Files\WindowsApps\Microsoft.HEIFImageExtension_1.2.3.0_x64__8wekyb3d8bbwe","shell:AppsFolder\Microsoft.HEIFImageExtension_8wekyb3d8bbwe"
"Microsoft.RawImageExtension","Microsoft.RawImageExtension_2.5.3.0_x64__8wekyb3d8bbwe","CN=Microsoft Corporation, O=Microsoft Corporation, L=Redmond, S=Washington, C=US","C:\Program Files\WindowsApps\Microsoft.RawImageExtension_2.5.3.0_x64__8wekyb3d8bbwe","shell:AppsFolder\Microsoft.RawImageExtension_8wekyb3d8bbwe"
"Microsoft.XboxSpeechToTextOverlay","Microsoft.XboxSpeechToTextOverlay_1.97.17002.0_x64__8wekyb3d8bbwe","CN=Microsoft Corporation, O=Microsoft Corporation, L=Redmond, S=Washington, C=US","C:\Program Files\WindowsApps\Microsoft.XboxSpeechToTextOverlay_1.97.17002.0_x64__8wekyb3d8bbwe","shell:AppsFolder\Microsoft.XboxSpeechToTextOverlay_8wekyb3d8bbwe"
"Microsoft.MPEG2VideoExtension","Microsoft.MPEG2VideoExtension_1.0.61931.0_x64__8wekyb3d8bbwe","CN=Microsoft Corporation, O=Microsoft Corporation, L=Redmond, S=Washington, C=US","C:\Program Files\WindowsApps\Microsoft.MPEG2VideoExtension_1.0.61931.0_x64__8wekyb3d8bbwe","shell:AppsFolder\Microsoft.MPEG2VideoExtension_8wekyb3d8bbwe"
"Microsoft.ApplicationCompatibilityEnhancements","Microsoft.ApplicationCompatibilityEnhancements_1.2411.16.0_x64__8wekyb3d8bbwe","CN=Microsoft Corporation, O=Microsoft Corporation, L=Redmond, S=Washington, C=US","C:\Program Files\WindowsApps\Microsoft.ApplicationCompatibilityEnhancements_1.2411.16.0_x64__8wekyb3d8bbwe","shell:AppsFolder\Microsoft.ApplicationCompatibilityEnhancements_8wekyb3d8bbwe"
"NVIDIACorp.NVIDIAControlPanel","NVIDIACorp.NVIDIAControlPanel_8.1.967.0_x64__56jybvy8sckqj","CN=D6816951-877F-493B-B4EE-41AB9419C326","C:\Program Files\WindowsApps\NVIDIACorp.NVIDIAControlPanel_8.1.967.0_x64__56jybvy8sckqj","shell:AppsFolder\NVIDIACorp.NVIDIAControlPanel_56jybvy8sckqj"
"AcerIncorporated.AcerRegistration","AcerIncorporated.AcerRegistration_2.0.3044.0_x64__48frkmn4z8aw4","CN=EAF76292-FADE-4EAB-A62C-FE5E78661D58","C:\Program Files\WindowsApps\AcerIncorporated.AcerRegistration_2.0.3044.0_x64__48frkmn4z8aw4","shell:AppsFolder\AcerIncorporated.AcerRegistration_48frkmn4z8aw4"
"Microsoft.MicrosoftEdge.Stable","Microsoft.MicrosoftEdge.Stable_131.0.2903.146_neutral__8wekyb3d8bbwe","CN=Microsoft Corporation, O=Microsoft Corporation, L=Redmond, S=Washington, C=US","C:\Program Files\WindowsApps\Microsoft.MicrosoftEdge.Stable_131.0.2903.146_neutral__8wekyb3d8bbwe","shell:AppsFolder\Microsoft.MicrosoftEdge.Stable_8wekyb3d8bbwe"
"www.instagram.com-3D2AAE46","www.instagram.com-3D2AAE46_42.0.21.1_neutral__ysfa6mcnwr1rw","CN=www.instagram.com, OID.2.25.311729368913984317654407730594956997722=1","C:\Program Files\WindowsApps\www.instagram.com-3D2AAE46_42.0.21.1_neutral__ysfa6mcnwr1rw","shell:AppsFolder\www.instagram.com-3D2AAE46_ysfa6mcnwr1rw"
"SnapInc.Snapchat","SnapInc.Snapchat_3.0.1.0_neutral__k1zn018256b8e","CN=0679DDF4-0EFB-4AFC-A744-BD6C287FCC1E","C:\Program Files\WindowsApps\SnapInc.Snapchat_3.0.1.0_neutral__k1zn018256b8e","shell:AppsFolder\SnapInc.Snapchat_k1zn018256b8e"
"Disney.37853FC22B2CE","Disney.37853FC22B2CE_2024.3.211.0_neutral__6rarf9sa4v8jt","CN=58DECE39-D5D0-4293-AAA0-9AF8484F12E2","C:\Program Files\WindowsApps\Disney.37853FC22B2CE_2024.3.211.0_neutral__6rarf9sa4v8jt","shell:AppsFolder\Disney.37853FC22B2CE_6rarf9sa4v8jt"
"Facebook.InstagramBeta","Facebook.InstagramBeta_42.0.23.0_neutral__8xx8rvfyw5nnt","CN=6E08453F-9BA7-4311-999C-D22FBA2FB1B8","C:\Program Files\WindowsApps\Facebook.InstagramBeta_42.0.23.0_neutral__8xx8rvfyw5nnt","shell:AppsFolder\Facebook.InstagramBeta_8xx8rvfyw5nnt"
"Microsoft.WindowsAppRuntime.1.6","Microsoft.WindowsAppRuntime.1.6_6000.373.1641.0_x64__8wekyb3d8bbwe","CN=Microsoft Corporation, O=Microsoft Corporation, L=Redmond, S=Washington, C=US","C:\Program Files\WindowsApps\Microsoft.WindowsAppRuntime.1.6_6000.373.1641.0_x64__8wekyb3d8bbwe","shell:AppsFolder\Microsoft.WindowsAppRuntime.1.6_8wekyb3d8bbwe"
"PerfectWorldEntertainment.GFREMP2","PerfectWorldEntertainment.GFREMP2_1.0.28.0_x64__jrajkyc4tsa6w","CN=93DC21FC-27B8-43CD-9703-1882F35BDE19","C:\Program Files\WindowsApps\PerfectWorldEntertainment.GFREMP2_1.0.28.0_x64__jrajkyc4tsa6w","shell:AppsFolder\PerfectWorldEntertainment.GFREMP2_jrajkyc4tsa6w"
"Microsoft.WindowsAppRuntime.1.5","Microsoft.WindowsAppRuntime.1.5_5001.373.1736.0_x86__8wekyb3d8bbwe","CN=Microsoft Corporation, O=Microsoft Corporation, L=Redmond, S=Washington, C=US","C:\Program Files\WindowsApps\Microsoft.WindowsAppRuntime.1.5_5001.373.1736.0_x86__8wekyb3d8bbwe","shell:AppsFolder\Microsoft.WindowsAppRuntime.1.5_8wekyb3d8bbwe"
"Microsoft.StorePurchaseApp","Microsoft.StorePurchaseApp_22411.1401.1.0_x64__8wekyb3d8bbwe","CN=Microsoft Corporation, O=Microsoft Corporation, L=Redmond, S=Washington, C=US","C:\Program Files\WindowsApps\Microsoft.StorePurchaseApp_22411.1401.1.0_x64__8wekyb3d8bbwe","shell:AppsFolder\Microsoft.StorePurchaseApp_8wekyb3d8bbwe"
"ParadoxInteractive.CitiesSkylinesII-PCEdition","ParadoxInteractive.CitiesSkylinesII-PCEdition_1.2.3.0_x64__zfnrdv2de78ny","CN=412027F1-C440-4D27-9222-E4024A430F78","C:\Program Files\WindowsApps\ParadoxInteractive.CitiesSkylinesII-PCEdition_1.2.3.0_x64__zfnrdv2de78ny","shell:AppsFolder\ParadoxInteractive.CitiesSkylinesII-PCEdition_zfnrdv2de78ny"
"NoMoreRobots.GamePreviewDescenders","NoMoreRobots.GamePreviewDescenders_0.1.129.0_x64__671zbmwb2bw9p","CN=44436AFC-C378-449B-9CF5-919F8F09DF04","C:\Program Files\WindowsApps\NoMoreRobots.GamePreviewDescenders_0.1.129.0_x64__671zbmwb2bw9p","shell:AppsFolder\NoMoreRobots.GamePreviewDescenders_671zbmwb2bw9p"
"Microsoft.Maine","Microsoft.Maine_2.4.329.0_x64__8wekyb3d8bbwe","CN=Microsoft Corporation, O=Microsoft Corporation, L=Redmond, S=Washington, C=US","C:\Program Files\WindowsApps\Microsoft.Maine_2.4.329.0_x64__8wekyb3d8bbwe","shell:AppsFolder\Microsoft.Maine_8wekyb3d8bbwe"
"Microsoft.MicrosoftStickyNotes","Microsoft.MicrosoftStickyNotes_4.0.6104.0_x64__8wekyb3d8bbwe","CN=Microsoft Corporation, O=Microsoft Corporation, L=Redmond, S=Washington, C=US","C:\Program Files\WindowsApps\Microsoft.MicrosoftStickyNotes_4.0.6104.0_x64__8wekyb3d8bbwe","shell:AppsFolder\Microsoft.MicrosoftStickyNotes_8wekyb3d8bbwe"
"AppUp.IntelOptaneMemoryandStorageManagement","AppUp.IntelOptaneMemoryandStorageManagement_20.0.1019.0_x64__8j3eq9eme6ctt","CN=EB51A5DA-0E72-4863-82E4-EA21C1F8DFE3","C:\Program Files\WindowsApps\AppUp.IntelOptaneMemoryandStorageManagement_20.0.1019.0_x64__8j3eq9eme6ctt","shell:AppsFolder\AppUp.IntelOptaneMemoryandStorageManagement_8j3eq9eme6ctt"
"Microsoft.WindowsSoundRecorder","Microsoft.WindowsSoundRecorder_1.0.80.0_x64__8wekyb3d8bbwe","CN=Microsoft Corporation, O=Microsoft Corporation, L=Redmond, S=Washington, C=US","C:\Program Files\WindowsApps\Microsoft.WindowsSoundRecorder_1.0.80.0_x64__8wekyb3d8bbwe","shell:AppsFolder\Microsoft.WindowsSoundRecorder_8wekyb3d8bbwe"
"Microsoft.WindowsCalculator","Microsoft.WindowsCalculator_11.2411.1.0_x64__8wekyb3d8bbwe","CN=Microsoft Corporation, O=Microsoft Corporation, L=Redmond, S=Washington, C=US","C:\Program Files\WindowsApps\Microsoft.WindowsCalculator_11.2411.1.0_x64__8wekyb3d8bbwe","shell:AppsFolder\Microsoft.WindowsCalculator_8wekyb3d8bbwe"
"Microsoft.ScreenSketch","Microsoft.ScreenSketch_11.2409.25.0_x64__8wekyb3d8bbwe","CN=Microsoft Corporation, O=Microsoft Corporation, L=Redmond, S=Washington, C=US","C:\Program Files\WindowsApps\Microsoft.ScreenSketch_11.2409.25.0_x64__8wekyb3d8bbwe","shell:AppsFolder\Microsoft.ScreenSketch_8wekyb3d8bbwe"
"MicrosoftCorporationII.WindowsSubsystemForAndroid","MicrosoftCorporationII.WindowsSubsystemForAndroid_2407.40000.4.0_x64__8wekyb3d8bbwe","CN=Microsoft Corporation, O=Microsoft Corporation, L=Redmond, S=Washington, C=US","C:\Program Files\WindowsApps\MicrosoftCorporationII.WindowsSubsystemForAndroid_2407.40000.4.0_x64__8wekyb3d8bbwe","shell:AppsFolder\MicrosoftCorporationII.WindowsSubsystemForAndroid_8wekyb3d8bbwe"
"Microsoft.BingWeather","Microsoft.BingWeather_4.54.63007.0_x64__8wekyb3d8bbwe","CN=Microsoft Corporation, O=Microsoft Corporation, L=Redmond, S=Washington, C=US","C:\Program Files\WindowsApps\Microsoft.BingWeather_4.54.63007.0_x64__8wekyb3d8bbwe","shell:AppsFolder\Microsoft.BingWeather_8wekyb3d8bbwe"
"AmazonVideo.PrimeVideo","AmazonVideo.PrimeVideo_1.0.171.0_x64__pwbj9vvecjh7j","CN=CAFC46F7-1785-4D22-8843-62BB23E99ACE","C:\Program Files\WindowsApps\AmazonVideo.PrimeVideo_1.0.171.0_x64__pwbj9vvecjh7j","shell:AppsFolder\AmazonVideo.PrimeVideo_pwbj9vvecjh7j"
"53887HaoCai.AirPlay-ScreenMirroring","53887HaoCai.AirPlay-ScreenMirroring_1.7.5.0_x64__qrw73ppzkf79y","CN=F588CFEA-08D9-4DF0-A72D-0CBC84C67FE4","C:\Program Files\WindowsApps\53887HaoCai.AirPlay-ScreenMirroring_1.7.5.0_x64__qrw73ppzkf79y","shell:AppsFolder\53887HaoCai.AirPlay-ScreenMirroring_qrw73ppzkf79y"
"AppUp.IntelGraphicsExperience","AppUp.IntelGraphicsExperience_1.100.5688.0_x64__8j3eq9eme6ctt","CN=EB51A5DA-0E72-4863-82E4-EA21C1F8DFE3","C:\Program Files\WindowsApps\AppUp.IntelGraphicsExperience_1.100.5688.0_x64__8j3eq9eme6ctt","shell:AppsFolder\AppUp.IntelGraphicsExperience_8j3eq9eme6ctt"
"Microsoft.Todos","Microsoft.Todos_0.114.7122.0_x64__8wekyb3d8bbwe","CN=Microsoft Corporation, O=Microsoft Corporation, L=Redmond, S=Washington, C=US","C:\Program Files\WindowsApps\Microsoft.Todos_0.114.7122.0_x64__8wekyb3d8bbwe","shell:AppsFolder\Microsoft.Todos_8wekyb3d8bbwe"
"62269AlexShats.CrosshairZoom","62269AlexShats.CrosshairZoom_1.0.1.0_x64__gghb1w55myjr2","CN=0723B664-F114-4FF2-A229-A6152E660057","C:\Program Files\WindowsApps\62269AlexShats.CrosshairZoom_1.0.1.0_x64__gghb1w55myjr2","shell:AppsFolder\62269AlexShats.CrosshairZoom_gghb1w55myjr2"
"Microsoft.Paint","Microsoft.Paint_11.2411.471.0_x64__8wekyb3d8bbwe","CN=Microsoft Corporation, O=Microsoft Corporation, L=Redmond, S=Washington, C=US","C:\Program Files\WindowsApps\Microsoft.Paint_11.2411.471.0_x64__8wekyb3d8bbwe","shell:AppsFolder\Microsoft.Paint_8wekyb3d8bbwe"
"Microsoft.People","Microsoft.People_10.2202.100.0_x64__8wekyb3d8bbwe","CN=Microsoft Corporation, O=Microsoft Corporation, L=Redmond, S=Washington, C=US","C:\Program Files\WindowsApps\Microsoft.People_10.2202.100.0_x64__8wekyb3d8bbwe","shell:AppsFolder\Microsoft.People_8wekyb3d8bbwe"
"Microsoft.BingNews","Microsoft.BingNews_4.55.62231.0_x64__8wekyb3d8bbwe","CN=Microsoft Corporation, O=Microsoft Corporation, L=Redmond, S=Washington, C=US","C:\Program Files\WindowsApps\Microsoft.BingNews_4.55.62231.0_x64__8wekyb3d8bbwe","shell:AppsFolder\Microsoft.BingNews_8wekyb3d8bbwe"
"DTSInc.DTSXUltra","DTSInc.DTSXUltra_1.13.5.0_x64__t5j2fzbtdg37r","CN=82419BD3-B8A7-4FD6-9731-D95DB6175B11","C:\Program Files\WindowsApps\DTSInc.DTSXUltra_1.13.5.0_x64__t5j2fzbtdg37r","shell:AppsFolder\DTSInc.DTSXUltra_t5j2fzbtdg37r"
"61449LiamHall.GameBarBrowser","61449LiamHall.GameBarBrowser_2.0.1.0_x64__9e6jk4mprjbvw","CN=555D21B8-0A4C-477E-8B9B-BEE2FEE87CE2","C:\Program Files\WindowsApps\61449LiamHall.GameBarBrowser_2.0.1.0_x64__9e6jk4mprjbvw","shell:AppsFolder\61449LiamHall.GameBarBrowser_9e6jk4mprjbvw"
"Microsoft.XboxIdentityProvider","Microsoft.XboxIdentityProvider_12.115.1001.0_x64__8wekyb3d8bbwe","CN=Microsoft Corporation, O=Microsoft Corporation, L=Redmond, S=Washington, C=US","C:\Program Files\WindowsApps\Microsoft.XboxIdentityProvider_12.115.1001.0_x64__8wekyb3d8bbwe","shell:AppsFolder\Microsoft.XboxIdentityProvider_8wekyb3d8bbwe"
"AcerIncorporated.AcerPurifiedVoiceConsoleR","AcerIncorporated.AcerPurifiedVoiceConsoleR_2.0.9.0_x64__48frkmn4z8aw4","CN=EAF76292-FADE-4EAB-A62C-FE5E78661D58","C:\Program Files\WindowsApps\AcerIncorporated.AcerPurifiedVoiceConsoleR_2.0.9.0_x64__48frkmn4z8aw4","shell:AppsFolder\AcerIncorporated.AcerPurifiedVoiceConsoleR_48frkmn4z8aw4"
"Microsoft.WindowsMaps","Microsoft.WindowsMaps_1.0.64.0_x64__8wekyb3d8bbwe","CN=Microsoft Corporation, O=Microsoft Corporation, L=Redmond, S=Washington, C=US","C:\Program Files\WindowsApps\Microsoft.WindowsMaps_1.0.64.0_x64__8wekyb3d8bbwe","shell:AppsFolder\Microsoft.WindowsMaps_8wekyb3d8bbwe"
"DTSInc.DTSSoundUnbound","DTSInc.DTSSoundUnbound_2025.1.1.0_x64__t5j2fzbtdg37r","CN=82419BD3-B8A7-4FD6-9731-D95DB6175B11","C:\Program Files\WindowsApps\DTSInc.DTSSoundUnbound_2025.1.1.0_x64__t5j2fzbtdg37r","shell:AppsFolder\DTSInc.DTSSoundUnbound_t5j2fzbtdg37r"
"Microsoft.ZuneMusic","Microsoft.ZuneMusic_11.2412.6.0_x64__8wekyb3d8bbwe","CN=Microsoft Corporation, O=Microsoft Corporation, L=Redmond, S=Washington, C=US","C:\Program Files\WindowsApps\Microsoft.ZuneMusic_11.2412.6.0_x64__8wekyb3d8bbwe","shell:AppsFolder\Microsoft.ZuneMusic_8wekyb3d8bbwe"
"47492CenterpointGaming.ProSight","47492CenterpointGaming.ProSight_10.0.2.0_x64__rz8d8f65gztyc","CN=747CF5E3-AC1C-4505-8387-083BCE1B82DC","C:\Program Files\WindowsApps\47492CenterpointGaming.ProSight_10.0.2.0_x64__rz8d8f65gztyc","shell:AppsFolder\47492CenterpointGaming.ProSight_rz8d8f65gztyc"
"Microsoft.AVCEncoderVideoExtension","Microsoft.AVCEncoderVideoExtension_1.1.9.0_x64__8wekyb3d8bbwe","CN=Microsoft Corporation, O=Microsoft Corporation, L=Redmond, S=Washington, C=US","C:\Program Files\WindowsApps\Microsoft.AVCEncoderVideoExtension_1.1.9.0_x64__8wekyb3d8bbwe","shell:AppsFolder\Microsoft.AVCEncoderVideoExtension_8wekyb3d8bbwe"
"MicrosoftCorporationII.WindowsSubsystemForLinux","MicrosoftCorporationII.WindowsSubsystemForLinux_2.3.26.0_x64__8wekyb3d8bbwe","CN=Microsoft Corporation, O=Microsoft Corporation, L=Redmond, S=Washington, C=US","C:\Program Files\WindowsApps\MicrosoftCorporationII.WindowsSubsystemForLinux_2.3.26.0_x64__8wekyb3d8bbwe","shell:AppsFolder\MicrosoftCorporationII.WindowsSubsystemForLinux_8wekyb3d8bbwe"
"Microsoft.VCLibs.140.00","Microsoft.VCLibs.140.00_14.0.33519.0_x64__8wekyb3d8bbwe","CN=Microsoft Corporation, O=Microsoft Corporation, L=Redmond, S=Washington, C=US","C:\Program Files\WindowsApps\Microsoft.VCLibs.140.00_14.0.33519.0_x64__8wekyb3d8bbwe","shell:AppsFolder\Microsoft.VCLibs.140.00_8wekyb3d8bbwe"
"Microsoft.VCLibs.140.00.UWPDesktop","Microsoft.VCLibs.140.00.UWPDesktop_14.0.33728.0_x64__8wekyb3d8bbwe","CN=Microsoft Corporation, O=Microsoft Corporation, L=Redmond, S=Washington, C=US","C:\Program Files\WindowsApps\Microsoft.VCLibs.140.00.UWPDesktop_14.0.33728.0_x64__8wekyb3d8bbwe","shell:AppsFolder\Microsoft.VCLibs.140.00.UWPDesktop_8wekyb3d8bbwe"
"Microsoft.UI.Xaml.2.8","Microsoft.UI.Xaml.2.8_8.2310.30001.0_x64__8wekyb3d8bbwe","CN=Microsoft Corporation, O=Microsoft Corporation, L=Redmond, S=Washington, C=US","C:\Program Files\WindowsApps\Microsoft.UI.Xaml.2.8_8.2310.30001.0_x64__8wekyb3d8bbwe","shell:AppsFolder\Microsoft.UI.Xaml.2.8_8wekyb3d8bbwe"
"Microsoft.WindowsAppRuntime.1.5","Microsoft.WindowsAppRuntime.1.5_5001.373.1736.0_x64__8wekyb3d8bbwe","CN=Microsoft Corporation, O=Microsoft Corporation, L=Redmond, S=Washington, C=US","C:\Program Files\WindowsApps\Microsoft.WindowsAppRuntime.1.5_5001.373.1736.0_x64__8wekyb3d8bbwe","shell:AppsFolder\Microsoft.WindowsAppRuntime.1.5_8wekyb3d8bbwe"
"Microsoft.SecHealthUI","Microsoft.SecHealthUI_1000.27703.1006.0_x64__8wekyb3d8bbwe","CN=Microsoft Corporation, O=Microsoft Corporation, L=Redmond, S=Washington, C=US","C:\Program Files\WindowsApps\Microsoft.SecHealthUI_1000.27703.1006.0_x64__8wekyb3d8bbwe","shell:AppsFolder\Microsoft.SecHealthUI_8wekyb3d8bbwe"
"Microsoft.WindowsFeedbackHub","Microsoft.WindowsFeedbackHub_1.2411.17101.0_x64__8wekyb3d8bbwe","CN=Microsoft Corporation, O=Microsoft Corporation, L=Redmond, S=Washington, C=US","C:\Program Files\WindowsApps\Microsoft.WindowsFeedbackHub_1.2411.17101.0_x64__8wekyb3d8bbwe","shell:AppsFolder\Microsoft.WindowsFeedbackHub_8wekyb3d8bbwe"
"47492CenterpointGaming.ProSightCrosshairExtension","47492CenterpointGaming.ProSightCrosshairExtension_1.6.0.0_x64__rz8d8f65gztyc","CN=747CF5E3-AC1C-4505-8387-083BCE1B82DC","C:\Program Files\WindowsApps\47492CenterpointGaming.ProSightCrosshairExtension_1.6.0.0_x64__rz8d8f65gztyc","shell:AppsFolder\47492CenterpointGaming.ProSightCrosshairExtension_rz8d8f65gztyc"
"AcerIncorporated.PredatorSenseV30","AcerIncorporated.PredatorSenseV30_3.0.3186.0_x64__48frkmn4z8aw4","CN=EAF76292-FADE-4EAB-A62C-FE5E78661D58","C:\Program Files\WindowsApps\AcerIncorporated.PredatorSenseV30_3.0.3186.0_x64__48frkmn4z8aw4","shell:AppsFolder\AcerIncorporated.PredatorSenseV30_48frkmn4z8aw4"
"RealtekSemiconductorCorp.RealtekAudioControl","RealtekSemiconductorCorp.RealtekAudioControl_1.41.294.0_x64__dt26b99r8h8gj","CN=83564403-0B26-46B8-9D84-040F43691D31","C:\Program Files\WindowsApps\RealtekSemiconductorCorp.RealtekAudioControl_1.41.294.0_x64__dt26b99r8h8gj","shell:AppsFolder\RealtekSemiconductorCorp.RealtekAudioControl_dt26b99r8h8gj"
"Microsoft.UI.Xaml.2.8","Microsoft.UI.Xaml.2.8_8.2501.31001.0_x64__8wekyb3d8bbwe","CN=Microsoft Corporation, O=Microsoft Corporation, L=Redmond, S=Washington, C=US","C:\Program Files\WindowsApps\Microsoft.UI.Xaml.2.8_8.2501.31001.0_x64__8wekyb3d8bbwe","shell:AppsFolder\Microsoft.UI.Xaml.2.8_8wekyb3d8bbwe"
"Microsoft.UI.Xaml.2.8","Microsoft.UI.Xaml.2.8_8.2501.31001.0_x86__8wekyb3d8bbwe","CN=Microsoft Corporation, O=Microsoft Corporation, L=Redmond, S=Washington, C=US","C:\Program Files\WindowsApps\Microsoft.UI.Xaml.2.8_8.2501.31001.0_x86__8wekyb3d8bbwe","shell:AppsFolder\Microsoft.UI.Xaml.2.8_8wekyb3d8bbwe"
"Microsoft.WindowsTerminal","Microsoft.WindowsTerminal_1.21.10351.0_x64__8wekyb3d8bbwe","CN=Microsoft Corporation, O=Microsoft Corporation, L=Redmond, S=Washington, C=US","C:\Program Files\WindowsApps\Microsoft.WindowsTerminal_1.21.10351.0_x64__8wekyb3d8bbwe","shell:AppsFolder\Microsoft.WindowsTerminal_8wekyb3d8bbwe"
"MicrosoftWindows.Client.WebExperience","MicrosoftWindows.Client.WebExperience_525.1301.30.0_x64__cw5n1h2txyewy","CN=Microsoft Windows, O=Microsoft Corporation, L=Redmond, S=Washington, C=US","C:\Program Files\WindowsApps\MicrosoftWindows.Client.WebExperience_525.1301.30.0_x64__cw5n1h2txyewy","shell:AppsFolder\MicrosoftWindows.Client.WebExperience_cw5n1h2txyewy"
"28017CharlesMilette.TranslucentTB","28017CharlesMilette.TranslucentTB_2024.3.0.0_x64__v826wp6bftszj","CN=04797BBC-C7BB-462F-9B66-331C81E27C0E","C:\Program Files\WindowsApps\28017CharlesMilette.TranslucentTB_2024.3.0.0_x64__v826wp6bftszj","shell:AppsFolder\28017CharlesMilette.TranslucentTB_v826wp6bftszj"
"C27EB4BA.DropboxOEM","C27EB4BA.DropboxOEM_23.4.30.0_x64__xbfy0k16fey96","CN=852D08DC-3DFB-4331-AD77-990D03FE9E36","C:\Program Files\WindowsApps\C27EB4BA.DropboxOEM_23.4.30.0_x64__xbfy0k16fey96","shell:AppsFolder\C27EB4BA.DropboxOEM_xbfy0k16fey96"
"Microsoft.Windows.ShellExperienceHost","Microsoft.Windows.ShellExperienceHost_10.0.26100.3037_neutral_neutral_cw5n1h2txyewy","CN=Microsoft Windows, O=Microsoft Corporation, L=Redmond, S=Washington, C=US","C:\Windows\SystemApps\ShellExperienceHost_cw5n1h2txyewy","shell:AppsFolder\Microsoft.Windows.ShellExperienceHost_cw5n1h2txyewy"
"Microsoft.WindowsAppRuntime.CBS.1.6","Microsoft.WindowsAppRuntime.CBS.1.6_6000.330.1801.0_x64__8wekyb3d8bbwe","CN=Microsoft Corporation, O=Microsoft Corporation, L=Redmond, S=Washington, C=US","C:\Windows\SystemApps\Microsoft.WindowsAppRuntime.vNext.CBS_8wekyb3d8bbwe","shell:AppsFolder\Microsoft.WindowsAppRuntime.CBS.1.6_8wekyb3d8bbwe"
"Microsoft.WindowsAppRuntime.CBS","Microsoft.WindowsAppRuntime.CBS_5001.311.2039.0_x64__8wekyb3d8bbwe","CN=Microsoft Corporation, O=Microsoft Corporation, L=Redmond, S=Washington, C=US","C:\Windows\SystemApps\Microsoft.WindowsAppRuntime.CBS_8wekyb3d8bbwe","shell:AppsFolder\Microsoft.WindowsAppRuntime.CBS_8wekyb3d8bbwe"
"MicrosoftWindows.Client.CBS","MicrosoftWindows.Client.CBS_1000.26100.48.0_x64__cw5n1h2txyewy","CN=Microsoft Windows, O=Microsoft Corporation, L=Redmond, S=Washington, C=US","C:\Windows\SystemApps\MicrosoftWindows.Client.CBS_cw5n1h2txyewy","shell:AppsFolder\MicrosoftWindows.Client.CBS_cw5n1h2txyewy"
"MicrosoftWindows.Client.Core","MicrosoftWindows.Client.Core_1000.26100.35.0_x64__cw5n1h2txyewy","CN=Microsoft Windows, O=Microsoft Corporation, L=Redmond, S=Washington, C=US","C:\Windows\SystemApps\MicrosoftWindows.Client.Core_cw5n1h2txyewy","shell:AppsFolder\MicrosoftWindows.Client.Core_cw5n1h2txyewy"
"MicrosoftWindows.Client.Photon","MicrosoftWindows.Client.Photon_1000.26100.8.0_x64__cw5n1h2txyewy","CN=Microsoft Windows, O=Microsoft Corporation, L=Redmond, S=Washington, C=US","C:\Windows\SystemApps\MicrosoftWindows.Client.Photon_cw5n1h2txyewy","shell:AppsFolder\MicrosoftWindows.Client.Photon_cw5n1h2txyewy"
"microsoft.windowscommunicationsapps","microsoft.windowscommunicationsapps_16005.14326.22301.0_x64__8wekyb3d8bbwe","CN=Microsoft Corporation, O=Microsoft Corporation, L=Redmond, S=Washington, C=US","C:\Program Files\WindowsApps\microsoft.windowscommunicationsapps_16005.14326.22301.0_x64__8wekyb3d8bbwe","shell:AppsFolder\microsoft.windowscommunicationsapps_8wekyb3d8bbwe"
"Microsoft.WidgetsPlatformRuntime","Microsoft.WidgetsPlatformRuntime_1.6.2.0_x64__8wekyb3d8bbwe","CN=Microsoft Corporation, O=Microsoft Corporation, L=Redmond, S=Washington, C=US","C:\Program Files\WindowsApps\Microsoft.WidgetsPlatformRuntime_1.6.2.0_x64__8wekyb3d8bbwe","shell:AppsFolder\Microsoft.WidgetsPlatformRuntime_8wekyb3d8bbwe"
"AppUp.IntelTechnologyMDE","AppUp.IntelTechnologyMDE_20.28.11122.0_x64__8j3eq9eme6ctt","CN=EB51A5DA-0E72-4863-82E4-EA21C1F8DFE3","C:\Program Files\WindowsApps\AppUp.IntelTechnologyMDE_20.28.11122.0_x64__8j3eq9eme6ctt","shell:AppsFolder\AppUp.IntelTechnologyMDE_8j3eq9eme6ctt"
"Microsoft.WindowsAppRuntime.1.6","Microsoft.WindowsAppRuntime.1.6_6000.401.2352.0_x86__8wekyb3d8bbwe","CN=Microsoft Corporation, O=Microsoft Corporation, L=Redmond, S=Washington, C=US","C:\Program Files\WindowsApps\Microsoft.WindowsAppRuntime.1.6_6000.401.2352.0_x86__8wekyb3d8bbwe","shell:AppsFolder\Microsoft.WindowsAppRuntime.1.6_8wekyb3d8bbwe"
"Microsoft.WindowsAppRuntime.1.6","Microsoft.WindowsAppRuntime.1.6_6000.401.2352.0_x64__8wekyb3d8bbwe","CN=Microsoft Corporation, O=Microsoft Corporation, L=Redmond, S=Washington, C=US","C:\Program Files\WindowsApps\Microsoft.WindowsAppRuntime.1.6_6000.401.2352.0_x64__8wekyb3d8bbwe","shell:AppsFolder\Microsoft.WindowsAppRuntime.1.6_8wekyb3d8bbwe"
"HelloGames.NoMansSky","HelloGames.NoMansSky_5.57.0.0_x64__bs190hzg1sesy","CN=E17FC9C0-77E1-4CDD-8AE0-E634942431EE","C:\Program Files\WindowsApps\HelloGames.NoMansSky_5.57.0.0_x64__bs190hzg1sesy","shell:AppsFolder\HelloGames.NoMansSky_bs190hzg1sesy"
"Microsoft.BingSearch","Microsoft.BingSearch_1.1.34.0_x64__8wekyb3d8bbwe","CN=Microsoft Corporation, O=Microsoft Corporation, L=Redmond, S=Washington, C=US","C:\Program Files\WindowsApps\Microsoft.BingSearch_1.1.34.0_x64__8wekyb3d8bbwe","shell:AppsFolder\Microsoft.BingSearch_8wekyb3d8bbwe"
"OpenAI.ChatGPT-Desktop","OpenAI.ChatGPT-Desktop_1.2025.41.0_x64__2p2nqsd0c76g0","CN=50BDFD77-8903-4850-9FFE-6E8522F64D5B","C:\Program Files\WindowsApps\OpenAI.ChatGPT-Desktop_1.2025.41.0_x64__2p2nqsd0c76g0","shell:AppsFolder\OpenAI.ChatGPT-Desktop_2p2nqsd0c76g0"
"40174MouriNaruto.NanaZip","40174MouriNaruto.NanaZip_5.0.1263.0_x64__gnj4mf6z9tkrc","CN=E310A153-74A9-4D81-800B-857A8D58408A","C:\Program Files\WindowsApps\40174MouriNaruto.NanaZip_5.0.1263.0_x64__gnj4mf6z9tkrc","shell:AppsFolder\40174MouriNaruto.NanaZip_gnj4mf6z9tkrc"
"Microsoft.4297127D64EC6","Microsoft.4297127D64EC6_2.2.2.0_x64__8wekyb3d8bbwe","CN=Microsoft Corporation, O=Microsoft Corporation, L=Redmond, S=Washington, C=US","C:\Program Files\WindowsApps\Microsoft.4297127D64EC6_2.2.2.0_x64__8wekyb3d8bbwe","shell:AppsFolder\Microsoft.4297127D64EC6_8wekyb3d8bbwe"
"Microsoft.ZuneVideo","Microsoft.ZuneVideo_10.25011.10061.0_x64__8wekyb3d8bbwe","CN=Microsoft Corporation, O=Microsoft Corporation, L=Redmond, S=Washington, C=US","C:\Program Files\WindowsApps\Microsoft.ZuneVideo_10.25011.10061.0_x64__8wekyb3d8bbwe","shell:AppsFolder\Microsoft.ZuneVideo_8wekyb3d8bbwe"
"Microsoft.Windows.Photos","Microsoft.Windows.Photos_2025.11020.11001.0_x64__8wekyb3d8bbwe","CN=Microsoft Corporation, O=Microsoft Corporation, L=Redmond, S=Washington, C=US","C:\Program Files\WindowsApps\Microsoft.Windows.Photos_2025.11020.11001.0_x64__8wekyb3d8bbwe","shell:AppsFolder\Microsoft.Windows.Photos_8wekyb3d8bbwe"
"MicrosoftWindows.CrossDevice","MicrosoftWindows.CrossDevice_1.25012.50.0_x64__cw5n1h2txyewy","CN=Microsoft Windows, O=Microsoft Corporation, L=Redmond, S=Washington, C=US","C:\Program Files\WindowsApps\MicrosoftWindows.CrossDevice_1.25012.50.0_x64__cw5n1h2txyewy","shell:AppsFolder\MicrosoftWindows.CrossDevice_cw5n1h2txyewy"
"Microsoft.Copilot","Microsoft.Copilot_1.25014.121.0_x64__8wekyb3d8bbwe","CN=Microsoft Corporation, O=Microsoft Corporation, L=Redmond, S=Washington, C=US","C:\Program Files\WindowsApps\Microsoft.Copilot_1.25014.121.0_x64__8wekyb3d8bbwe","shell:AppsFolder\Microsoft.Copilot_8wekyb3d8bbwe"
"Microsoft.PowerAutomateDesktop","Microsoft.PowerAutomateDesktop_1.0.1364.0_x64__8wekyb3d8bbwe","CN=Microsoft Corporation, O=Microsoft Corporation, L=Redmond, S=Washington, C=US","C:\Program Files\WindowsApps\Microsoft.PowerAutomateDesktop_1.0.1364.0_x64__8wekyb3d8bbwe","shell:AppsFolder\Microsoft.PowerAutomateDesktop_8wekyb3d8bbwe"
"Microsoft.OutlookForWindows","Microsoft.OutlookForWindows_1.2025.213.300_x64__8wekyb3d8bbwe","CN=Microsoft Corporation, O=Microsoft Corporation, L=Redmond, S=Washington, C=US","C:\Program Files\WindowsApps\Microsoft.OutlookForWindows_1.2025.213.300_x64__8wekyb3d8bbwe","shell:AppsFolder\Microsoft.OutlookForWindows_8wekyb3d8bbwe"
"AppleInc.iTunes","AppleInc.iTunes_12135.3.3021.0_x64__nzyj5cx40ttqa","CN=5BD5593D-A41B-4F89-884E-B4F3E0FBAA75","C:\Program Files\WindowsApps\AppleInc.iTunes_12135.3.3021.0_x64__nzyj5cx40ttqa","shell:AppsFolder\AppleInc.iTunes_nzyj5cx40ttqa"
"Microsoft.GamingServices","Microsoft.GamingServices_27.98.11001.0_x64__8wekyb3d8bbwe","CN=Microsoft Corporation, O=Microsoft Corporation, L=Redmond, S=Washington, C=US","C:\Program Files\WindowsApps\Microsoft.GamingServices_27.98.11001.0_x64__8wekyb3d8bbwe","shell:AppsFolder\Microsoft.GamingServices_8wekyb3d8bbwe"
"TheDebianProject.DebianGNULinux","TheDebianProject.DebianGNULinux_1.20.0.0_x64__76v4gfsz19hv4","CN=51C4C664-ED6E-40E8-A008-10EFD2F72288","C:\Program Files\WindowsApps\TheDebianProject.DebianGNULinux_1.20.0.0_x64__76v4gfsz19hv4","shell:AppsFolder\TheDebianProject.DebianGNULinux_76v4gfsz19hv4"
"MicrosoftWindows.LKG.AccountsService","MicrosoftWindows.LKG.AccountsService_1000.26100.3194.0_x64__cw5n1h2txyewy","CN=Microsoft Windows, O=Microsoft Corporation, L=Redmond, S=Washington, C=US","C:\Windows\SystemApps\LKG\MicrosoftWindows.LKG.AccountsService_cw5n1h2txyewy","shell:AppsFolder\MicrosoftWindows.LKG.AccountsService_cw5n1h2txyewy"
"MicrosoftWindows.LKG.DesktopSpotlight","MicrosoftWindows.LKG.DesktopSpotlight_1000.26100.3194.0_x64__cw5n1h2txyewy","CN=Microsoft Windows, O=Microsoft Corporation, L=Redmond, S=Washington, C=US","C:\Windows\SystemApps\LKG\MicrosoftWindows.LKG.DesktopSpotlight_cw5n1h2txyewy","shell:AppsFolder\MicrosoftWindows.LKG.DesktopSpotlight_cw5n1h2txyewy"
"MicrosoftWindows.LKG.IrisService","MicrosoftWindows.LKG.IrisService_1000.26100.3194.0_x64__cw5n1h2txyewy","CN=Microsoft Windows, O=Microsoft Corporation, L=Redmond, S=Washington, C=US","C:\Windows\SystemApps\LKG\MicrosoftWindows.LKG.IrisService_cw5n1h2txyewy","shell:AppsFolder\MicrosoftWindows.LKG.IrisService_cw5n1h2txyewy"
"MicrosoftWindows.LKG.RulesEngine","MicrosoftWindows.LKG.RulesEngine_1000.26100.3194.0_x64__cw5n1h2txyewy","CN=Microsoft Windows, O=Microsoft Corporation, L=Redmond, S=Washington, C=US","C:\Windows\SystemApps\LKG\MicrosoftWindows.LKG.RulesEngine_cw5n1h2txyewy","shell:AppsFolder\MicrosoftWindows.LKG.RulesEngine_cw5n1h2txyewy"
"MicrosoftWindows.LKG.SpeechRuntime","MicrosoftWindows.LKG.SpeechRuntime_1000.26100.3194.0_x64__cw5n1h2txyewy","CN=Microsoft Windows, O=Microsoft Corporation, L=Redmond, S=Washington, C=US","C:\Windows\SystemApps\LKG\MicrosoftWindows.LKG.SpeechRuntime_cw5n1h2txyewy","shell:AppsFolder\MicrosoftWindows.LKG.SpeechRuntime_cw5n1h2txyewy"
"MicrosoftWindows.LKG.TwinSxS","MicrosoftWindows.LKG.TwinSxS_1000.26100.3194.0_x64__cw5n1h2txyewy","CN=Microsoft Windows, O=Microsoft Corporation, L=Redmond, S=Washington, C=US","C:\Windows\SystemApps\LKG\MicrosoftWindows.LKG.TwinSxS_cw5n1h2txyewy","shell:AppsFolder\MicrosoftWindows.LKG.TwinSxS_cw5n1h2txyewy"
"Microsoft.WindowsNotepad","Microsoft.WindowsNotepad_11.2412.16.0_x64__8wekyb3d8bbwe","CN=Microsoft Corporation, O=Microsoft Corporation, L=Redmond, S=Washington, C=US","C:\Program Files\WindowsApps\Microsoft.WindowsNotepad_11.2412.16.0_x64__8wekyb3d8bbwe","shell:AppsFolder\Microsoft.WindowsNotepad_8wekyb3d8bbwe"
"62269AlexShats.DiscordforGameBar","62269AlexShats.DiscordforGameBar_0.2.14.0_x64__gghb1w55myjr2","CN=0723B664-F114-4FF2-A229-A6152E660057","C:\Program Files\WindowsApps\62269AlexShats.DiscordforGameBar_0.2.14.0_x64__gghb1w55myjr2","shell:AppsFolder\62269AlexShats.DiscordforGameBar_gghb1w55myjr2"
"45012KrimmerStudios.WindowsGamebarBrowser","45012KrimmerStudios.WindowsGamebarBrowser_1.1.17.0_x64__k6pcqv07xae1c","CN=685DD444-787C-4F01-AFD6-C59B21F062E1","C:\Program Files\WindowsApps\45012KrimmerStudios.WindowsGamebarBrowser_1.1.17.0_x64__k6pcqv07xae1c","shell:AppsFolder\45012KrimmerStudios.WindowsGamebarBrowser_k6pcqv07xae1c"
"57540AMZNMobileLLC.AmazonAlexa","57540AMZNMobileLLC.AmazonAlexa_3.25.1156.0_x64__22t9g3sebte08","CN=205E97F5-C441-4371-8ADB-027C40FBE50D","C:\Program Files\WindowsApps\57540AMZNMobileLLC.AmazonAlexa_3.25.1156.0_x64__22t9g3sebte08","shell:AppsFolder\57540AMZNMobileLLC.AmazonAlexa_22t9g3sebte08"
"MicrosoftCorporationII.QuickAssist","MicrosoftCorporationII.QuickAssist_2.0.32.0_x64__8wekyb3d8bbwe","CN=Microsoft Corporation, O=Microsoft Corporation, L=Redmond, S=Washington, C=US","C:\Program Files\WindowsApps\MicrosoftCorporationII.QuickAssist_2.0.32.0_x64__8wekyb3d8bbwe","shell:AppsFolder\MicrosoftCorporationII.QuickAssist_8wekyb3d8bbwe"
"62269AlexShats.OneGameLauncherBeta","62269AlexShats.OneGameLauncherBeta_1.3.5.0_x64__gghb1w55myjr2","CN=0723B664-F114-4FF2-A229-A6152E660057","C:\Program Files\WindowsApps\62269AlexShats.OneGameLauncherBeta_1.3.5.0_x64__gghb1w55myjr2","shell:AppsFolder\62269AlexShats.OneGameLauncherBeta_gghb1w55myjr2"
"MSTeams","MSTeams_25031.805.3440.5290_x64__8wekyb3d8bbwe","CN=Microsoft Corporation, O=Microsoft Corporation, L=Redmond, S=Washington, C=US","C:\Program Files\WindowsApps\MSTeams_25031.805.3440.5290_x64__8wekyb3d8bbwe","shell:AppsFolder\MSTeams_8wekyb3d8bbwe"
"Microsoft.OneDriveSync","Microsoft.OneDriveSync_25015.126.2.0_neutral__8wekyb3d8bbwe","CN=Microsoft Corporation, O=Microsoft Corporation, L=Redmond, S=Washington, C=US","C:\Program Files\WindowsApps\Microsoft.OneDriveSync_25015.126.2.0_neutral__8wekyb3d8bbwe","shell:AppsFolder\Microsoft.OneDriveSync_8wekyb3d8bbwe"
"Microsoft.XboxGamingOverlay","Microsoft.XboxGamingOverlay_7.225.2131.0_x64__8wekyb3d8bbwe","CN=Microsoft Corporation, O=Microsoft Corporation, L=Redmond, S=Washington, C=US","C:\Program Files\WindowsApps\Microsoft.XboxGamingOverlay_7.225.2131.0_x64__8wekyb3d8bbwe","shell:AppsFolder\Microsoft.XboxGamingOverlay_8wekyb3d8bbwe"
"PocketpairInc.Palworld","PocketpairInc.Palworld_0.6.6880.0_x64__ad4psfrxyesvt","CN=5CB38C77-22C8-441B-B380-4749CAF6E325","C:\Program Files\WindowsApps\PocketpairInc.Palworld_0.6.6880.0_x64__ad4psfrxyesvt","shell:AppsFolder\PocketpairInc.Palworld_ad4psfrxyesvt"
"Microsoft.DesktopAppInstaller","Microsoft.DesktopAppInstaller_1.25.320.0_x64__8wekyb3d8bbwe","CN=Microsoft Corporation, O=Microsoft Corporation, L=Redmond, S=Washington, C=US","C:\Program Files\WindowsApps\Microsoft.DesktopAppInstaller_1.25.320.0_x64__8wekyb3d8bbwe","shell:AppsFolder\Microsoft.DesktopAppInstaller_8wekyb3d8bbwe"
"FatsharkAB.Warhammer40000DarktideNew","FatsharkAB.Warhammer40000DarktideNew_1.6.3527.0_x64__hwm6pnepa3ng2","CN=8438DF6A-F705-4598-9187-136F740B7573","C:\Program Files\WindowsApps\FatsharkAB.Warhammer40000DarktideNew_1.6.3527.0_x64__hwm6pnepa3ng2","shell:AppsFolder\FatsharkAB.Warhammer40000DarktideNew_hwm6pnepa3ng2"
"Microsoft.GamingApp","Microsoft.GamingApp_2502.1001.6.0_x64__8wekyb3d8bbwe","CN=Microsoft Corporation, O=Microsoft Corporation, L=Redmond, S=Washington, C=US","C:\Program Files\WindowsApps\Microsoft.GamingApp_2502.1001.6.0_x64__8wekyb3d8bbwe","shell:AppsFolder\Microsoft.GamingApp_8wekyb3d8bbwe"
"Microsoft.WindowsAlarms","Microsoft.WindowsAlarms_11.2501.7.0_x64__8wekyb3d8bbwe","CN=Microsoft Corporation, O=Microsoft Corporation, L=Redmond, S=Washington, C=US","C:\Program Files\WindowsApps\Microsoft.WindowsAlarms_11.2501.7.0_x64__8wekyb3d8bbwe","shell:AppsFolder\Microsoft.WindowsAlarms_8wekyb3d8bbwe"
"Microsoft.Ink.Handwriting.en-US.1.0","Microsoft.Ink.Handwriting.en-US.1.0_0.780.13.0_x86__8wekyb3d8bbwe","CN=Microsoft Corporation, O=Microsoft Corporation, L=Redmond, S=Washington, C=US","C:\Program Files\WindowsApps\Microsoft.Ink.Handwriting.en-US.1.0_0.780.13.0_x86__8wekyb3d8bbwe","shell:AppsFolder\Microsoft.Ink.Handwriting.en-US.1.0_8wekyb3d8bbwe"
"Microsoft.Ink.Handwriting.en-US.1.0","Microsoft.Ink.Handwriting.en-US.1.0_0.780.13.0_x64__8wekyb3d8bbwe","CN=Microsoft Corporation, O=Microsoft Corporation, L=Redmond, S=Washington, C=US","C:\Program Files\WindowsApps\Microsoft.Ink.Handwriting.en-US.1.0_0.780.13.0_x64__8wekyb3d8bbwe","shell:AppsFolder\Microsoft.Ink.Handwriting.en-US.1.0_8wekyb3d8bbwe"
"Microsoft.Ink.Handwriting.Main.en-US.1.0.1","Microsoft.Ink.Handwriting.Main.en-US.1.0.1_0.780.13.0_x64__8wekyb3d8bbwe","CN=Microsoft Corporation, O=Microsoft Corporation, L=Redmond, S=Washington, C=US","C:\Program Files\WindowsApps\Microsoft.Ink.Handwriting.Main.en-US.1.0.1_0.780.13.0_x64__8wekyb3d8bbwe","shell:AppsFolder\Microsoft.Ink.Handwriting.Main.en-US.1.0.1_8wekyb3d8bbwe"
"Microsoft.YourPhone","Microsoft.YourPhone_1.25012.100.0_x64__8wekyb3d8bbwe","CN=Microsoft Corporation, O=Microsoft Corporation, L=Redmond, S=Washington, C=US","C:\Program Files\WindowsApps\Microsoft.YourPhone_1.25012.100.0_x64__8wekyb3d8bbwe","shell:AppsFolder\Microsoft.YourPhone_8wekyb3d8bbwe"
"Microsoft.MicrosoftOfficeHub","Microsoft.MicrosoftOfficeHub_18.2502.1252.0_x64__8wekyb3d8bbwe","CN=Microsoft Corporation, O=Microsoft Corporation, L=Redmond, S=Washington, C=US","C:\Program Files\WindowsApps\Microsoft.MicrosoftOfficeHub_18.2502.1252.0_x64__8wekyb3d8bbwe","shell:AppsFolder\Microsoft.MicrosoftOfficeHub_8wekyb3d8bbwe"
"Microsoft.WindowsStore","Microsoft.WindowsStore_22501.1401.7.0_x64__8wekyb3d8bbwe","CN=Microsoft Corporation, O=Microsoft Corporation, L=Redmond, S=Washington, C=US","C:\Program Files\WindowsApps\Microsoft.WindowsStore_22501.1401.7.0_x64__8wekyb3d8bbwe","shell:AppsFolder\Microsoft.WindowsStore_8wekyb3d8bbwe"
"Clipchamp.Clipchamp","Clipchamp.Clipchamp_4.0.10720.0_x64__yxz26nhyzhsrt","CN=33F0F141-36F3-4EC2-A77D-51B53D0BA0E4","C:\Program Files\WindowsApps\Clipchamp.Clipchamp_4.0.10720.0_x64__yxz26nhyzhsrt","shell:AppsFolder\Clipchamp.Clipchamp_yxz26nhyzhsrt"
"StudioWildcard.ARKSurvivalAscended","StudioWildcard.ARKSurvivalAscended_1.61.37.0_x64__1w2mm55455e38","CN=09AB2E6F-B8FD-4251-B19D-E939FA0BBD08","C:\Program Files\WindowsApps\StudioWildcard.ARKSurvivalAscended_1.61.37.0_x64__1w2mm55455e38","shell:AppsFolder\StudioWildcard.ARKSurvivalAscended_1w2mm55455e38"
"Microsoft.SeaofThieves","Microsoft.SeaofThieves_2.138.1387.0_x64__8wekyb3d8bbwe","CN=Microsoft Corporation, O=Microsoft Corporation, L=Redmond, S=Washington, C=US","C:\Program Files\WindowsApps\Microsoft.SeaofThieves_2.138.1387.0_x64__8wekyb3d8bbwe","shell:AppsFolder\Microsoft.SeaofThieves_8wekyb3d8bbwe"
"Microsoft.Office.OneNoteVirtualPrinter","Microsoft.Office.OneNoteVirtualPrinter_1.0.0.0_x64__8wekyb3d8bbwe","CN=Microsoft Corporation, O=Microsoft Corporation, L=Redmond, S=Washington, C=US","C:\Program Files\WindowsApps\Microsoft.Office.OneNoteVirtualPrinter_1.0.0.0_x64__8wekyb3d8bbwe","shell:AppsFolder\Microsoft.Office.OneNoteVirtualPrinter_8wekyb3d8bbwe"
"62269AlexShats.OneGameLauncher","62269AlexShats.OneGameLauncher_1.8.4.0_x64__gghb1w55myjr2","CN=0723B664-F114-4FF2-A229-A6152E660057","C:\Program Files\WindowsApps\62269AlexShats.OneGameLauncher_1.8.4.0_x64__gghb1w55myjr2","shell:AppsFolder\62269AlexShats.OneGameLauncher_gghb1w55myjr2"
"38985CA0.COREBase","38985CA0.COREBase_1.0.69.0_x64_ww_5bkah9njm3e9g","CN=07A9AC0F-5502-4D92-BA69-01D5D39D1E92","C:\Program Files\WindowsApps\38985CA0.COREBase_1.0.69.0_x64_ww_5bkah9njm3e9g","shell:AppsFolder\38985CA0.COREBase_5bkah9njm3e9g"
"Microsoft.WindowsCamera","Microsoft.WindowsCamera_2025.2501.1.0_x64__8wekyb3d8bbwe","CN=Microsoft Corporation, O=Microsoft Corporation, L=Redmond, S=Washington, C=US","C:\Program Files\WindowsApps\Microsoft.WindowsCamera_2025.2501.1.0_x64__8wekyb3d8bbwe","shell:AppsFolder\Microsoft.WindowsCamera_8wekyb3d8bbwe"
